web_scraper_order,web_scraper_start_url,data,data2,data3,data4,data5,data6,data7,data8,data9,data10,data11,data12,data13,data14,data15,data16,data17,image,image2
"1791137277-1","https://www.eventbrite.ie/d/ireland--donegal/government--events/?page=1","Donegal County Council , PEACEPLUS Capacity Building and Networking Event","Fri 23 Oct, 09:30","Free","","Letterkenny · Mount Errigal Hotel","Donegal County Council , PEACEPLUS Capacity Building and Networking Event","Save this event: Donegal County Council , PEACEPLUS Capacity Building and Networking Event","Share this event: Donegal County Council , PEACEPLUS Capacity Building and Networking Event","Save this event: Donegal County Council , PEACEPLUS Capacity Building and Networking Event","Share this event: Donegal County Council , PEACEPLUS Capacity Building and Networking Event","Fri 23 Oct, 09:30","Free","Letterkenny · Mount Errigal Hotel","","","Selling fast","Selling fast","https://img.evbuc.com/https%3A%2F%2Fcdn.evbuc.com%2Fimages%2F1192369752%2F540343148273%2F1%2Foriginal.20260901-145244?crop=focalpoint&fit=crop&w=640&auto=format%2Ccompress&q=75&sharp=10&fp-x=0.5&fp-y=0.5&s=aa3d919f5c08ddc16502a532e7fc79ec","https://img.evbuc.com/https%3A%2F%2Fcdn.evbuc.com%2Fimages%2F1192369752%2F540343148273%2F1%2Foriginal.20260901-145244?crop=focalpoint&fit=crop&w=640&auto=format%2Ccompress&q=75&sharp=10&fp-x=0.5&fp-y=0.5&s=aa3d919f5c08ddc16502a532e7fc79ec"
"1791137277-2","https://www.eventbrite.ie/d/ireland--donegal/government--events/?page=1","Peoples Emergency Briefing","Fri 23 Oct, 19:00","From £0.00","","Moyle · Sheskburn Recreation Centre","Peoples Emergency Briefing","Save this event: Peoples Emergency Briefing","Share this event: Peoples Emergency Briefing","Save this event: Peoples Emergency Briefing","Share this event: Peoples Emergency Briefing","Fri 23 Oct, 19:00","From £0.00","Moyle · Sheskburn Recreation Centre","Lir Arts Festival, Ballycastle","152 followers","","","https://img.evbuc.com/https%3A%2F%2Fcdn.evbuc.com%2Fimages%2F1194319270%2F1484031517563%2F1%2Foriginal.20260924-212143?crop=focalpoint&fit=crop&w=320&auto=format%2Ccompress&q=75&sharp=10&fp-x=0.436&fp-y=0.259&s=bc3a563062cc76f93e797f638b7d8b2f","https://img.evbuc.com/https%3A%2F%2Fcdn.evbuc.com%2Fimages%2F1194319270%2F1484031517563%2F1%2Foriginal.20260924-212143?crop=focalpoint&fit=crop&w=320&auto=format%2Ccompress&q=75&sharp=10&fp-x=0.436&fp-y=0.259&s=bc3a563062cc76f93e797f638b7d8b2f"
"1791137277-3","https://www.eventbrite.ie/d/ireland--donegal/government--events/?page=1","ROE","Wed 14 Oct, 20:00","From £24.54","","Windsor · The Harrison Chambers of Distinction","ROE","Save this event: ROE","Share this event: ROE","Save this event: ROE","Share this event: ROE","Wed 14 Oct, 20:00","From £24.54","Windsor · The Harrison Chambers of Distinction","McKowski Events","165 followers","","","https://img.evbuc.com/https%3A%2F%2Fcdn.evbuc.com%2Fimages%2F1191195770%2F174055664208%2F1%2Foriginal.20260816-201310?crop=focalpoint&fit=crop&w=1024&auto=format%2Ccompress&q=75&sharp=10&fp-x=0.5&fp-y=0.5&s=3c90fedc3ad3f4103c20485b2ec693e4","https://img.evbuc.com/https%3A%2F%2Fcdn.evbuc.com%2Fimages%2F1191195770%2F174055664208%2F1%2Foriginal.20260816-201310?crop=focalpoint&fit=crop&w=1024&auto=format%2Ccompress&q=75&sharp=10&fp-x=0.5&fp-y=0.5&s=3c90fedc3ad3f4103c20485b2ec693e4"
"1791137277-4","https://www.eventbrite.ie/d/ireland--donegal/government--events/?page=1","Hearing Heat: An Anthropology of Sound for the Anthropocene","Thursday at 17:00","Free","","Windsor · Canada Room & Council Chamber","Hearing Heat: An Anthropology of Sound for the Anthropocene","Save this event: Hearing Heat: An Anthropology of Sound for the Anthropocene","Share this event: Hearing Heat: An Anthropology of Sound for the Anthropocene","Save this event: Hearing Heat: An Anthropology of Sound for the Anthropocene","Share this event: Hearing Heat: An Anthropology of Sound for the Anthropocene","Thursday at 17:00","Free","Windsor · Canada Room & Council Chamber","Queen's Institute for Peace, Security and Justice","551 followers","Selling fast","Selling fast","https://img.evbuc.com/https%3A%2F%2Fcdn.evbuc.com%2Fimages%2F1190017962%2F114788744663%2F1%2Foriginal.20260731-072509?crop=focalpoint&fit=crop&w=1024&auto=format%2Ccompress&q=75&sharp=10&fp-x=0.5&fp-y=0.5&s=1ca9487869fff9356da2164d8bcf4971","https://img.evbuc.com/https%3A%2F%2Fcdn.evbuc.com%2Fimages%2F1190017962%2F114788744663%2F1%2Foriginal.20260731-072509?crop=focalpoint&fit=crop&w=1024&auto=format%2Ccompress&q=75&sharp=10&fp-x=0.5&fp-y=0.5&s=1ca9487869fff9356da2164d8bcf4971"
"1791137277-5","https://www.eventbrite.ie/d/ireland--donegal/government--events/?page=1","Institute 10th Anniversary Conference","Thu 19 Nov, 09:30","Free","","Windsor · Great Hall, Queen's University Belfast","Institute 10th Anniversary Conference","Save this event: Institute 10th Anniversary Conference","Share this event: Institute 10th Anniversary Conference","Save this event: Institute 10th Anniversary Conference","Share this event: Institute 10th Anniversary Conference","Thu 19 Nov, 09:30","Free","Windsor · Great Hall, Queen's University Belfast","Queen's Institute for Peace, Security and Justice","551 followers","","","https://img.evbuc.com/https%3A%2F%2Fcdn.evbuc.com%2Fimages%2F1190778593%2F114788744663%2F1%2Foriginal.20260811-080601?crop=focalpoint&fit=crop&w=1024&auto=format%2Ccompress&q=75&sharp=10&fp-x=0.5&fp-y=0.5&s=2e29e90e2b21777976dfaa0d07ecc780","https://img.evbuc.com/https%3A%2F%2Fcdn.evbuc.com%2Fimages%2F1190778593%2F114788744663%2F1%2Foriginal.20260811-080601?crop=focalpoint&fit=crop&w=1024&auto=format%2Ccompress&q=75&sharp=10&fp-x=0.5&fp-y=0.5&s=2e29e90e2b21777976dfaa0d07ecc780"
"1791137277-6","https://www.eventbrite.ie/d/ireland--donegal/government--events/?page=1","Your Taxes Pay for Nothing","Wed 28 Oct, 18:00","Free","","Windsor · The Canada Room & Council Chamber","Your Taxes Pay for Nothing","Save this event: Your Taxes Pay for Nothing","Share this event: Your Taxes Pay for Nothing","Save this event: Your Taxes Pay for Nothing","Share this event: Your Taxes Pay for Nothing","Wed 28 Oct, 18:00","Free","Windsor · The Canada Room & Council Chamber","ESRC Festival of Social Science NI 2026","46 followers","","","https://img.evbuc.com/https%3A%2F%2Fcdn.evbuc.com%2Fimages%2F1193246145%2F313283896071%2F1%2Foriginal.20260911-104815?crop=focalpoint&fit=crop&w=640&auto=format%2Ccompress&q=75&sharp=10&fp-x=0.5&fp-y=0.5&s=0336a0718844d1dfd34500d5125ad99a","https://img.evbuc.com/https%3A%2F%2Fcdn.evbuc.com%2Fimages%2F1193246145%2F313283896071%2F1%2Foriginal.20260911-104815?crop=focalpoint&fit=crop&w=640&auto=format%2Ccompress&q=75&sharp=10&fp-x=0.5&fp-y=0.5&s=0336a0718844d1dfd34500d5125ad99a"
"1791137277-7","https://www.eventbrite.ie/d/ireland--donegal/government--events/?page=1","Profiles of Resistance Across Europe Today","Thu 26 Nov, 12:00","Free","","Windsor · One Elmwood Student Centre","Profiles of Resistance Across Europe Today","Save this event: Profiles of Resistance Across Europe Today","Share this event: Profiles of Resistance Across Europe Today","Save this event: Profiles of Resistance Across Europe Today","Share this event: Profiles of Resistance Across Europe Today","Thu 26 Nov, 12:00","Free","Windsor · One Elmwood Student Centre","Queen's Institute for Peace, Security and Justice","551 followers","","","https://img.evbuc.com/https%3A%2F%2Fcdn.evbuc.com%2Fimages%2F1190539981%2F114788744663%2F1%2Foriginal.20260807-130112?crop=focalpoint&fit=crop&w=1024&auto=format%2Ccompress&q=75&sharp=10&fp-x=0.5&fp-y=0.5&s=a555ce6db4fc8be91d2c4e6c5dc83b9a","https://img.evbuc.com/https%3A%2F%2Fcdn.evbuc.com%2Fimages%2F1190539981%2F114788744663%2F1%2Foriginal.20260807-130112?crop=focalpoint&fit=crop&w=1024&auto=format%2Ccompress&q=75&sharp=10&fp-x=0.5&fp-y=0.5&s=a555ce6db4fc8be91d2c4e6c5dc83b9a"
"1791137277-8","https://www.eventbrite.ie/d/ireland--donegal/government--events/?page=1","When Authoritarians Speak the Language of Emancipation","Fri 16 Oct, 12:00","Free","","Windsor · Queen's University Belfast","When Authoritarians Speak the Language of Emancipation","Save this event: When Authoritarians Speak the Language of Emancipation","Share this event: When Authoritarians Speak the Language of Emancipation","Save this event: When Authoritarians Speak the Language of Emancipation","Share this event: When Authoritarians Speak the Language of Emancipation","Fri 16 Oct, 12:00","Free","Windsor · Queen's University Belfast","Centre for Gender in Politics","87 followers","","","https://img.evbuc.com/https%3A%2F%2Fcdn.evbuc.com%2Fimages%2F1194514479%2F401086143399%2F1%2Foriginal.20260928-130702?crop=focalpoint&fit=crop&w=320&auto=format%2Ccompress&q=75&sharp=10&fp-x=0.53&fp-y=0.102&s=6959d29b394542bbfe751da73c89f04b","https://img.evbuc.com/https%3A%2F%2Fcdn.evbuc.com%2Fimages%2F1194514479%2F401086143399%2F1%2Foriginal.20260928-130702?crop=focalpoint&fit=crop&w=320&auto=format%2Ccompress&q=75&sharp=10&fp-x=0.53&fp-y=0.102&s=6959d29b394542bbfe751da73c89f04b"
"1791137277-9","https://www.eventbrite.ie/d/ireland--donegal/government--events/?page=1","Rebooting the Public Sector in Northern Ireland","Fri 23 Oct, 10:00","Free","","Cliftonville · Ulster University","Rebooting the Public Sector in Northern Ireland","Save this event: Rebooting the Public Sector in Northern Ireland","Share this event: Rebooting the Public Sector in Northern Ireland","Save this event: Rebooting the Public Sector in Northern Ireland","Share this event: Rebooting the Public Sector in Northern Ireland","Fri 23 Oct, 10:00","Free","Cliftonville · Ulster University","ESRC Festival of Social Science NI 2026","46 followers","","","https://img.evbuc.com/https%3A%2F%2Fcdn.evbuc.com%2Fimages%2F1193263149%2F313283896071%2F1%2Foriginal.20260911-145057?crop=focalpoint&fit=crop&w=1024&auto=format%2Ccompress&q=75&sharp=10&fp-x=0.5&fp-y=0.5&s=a29fb0fd1c56eb0c0c2753c4b9d6c180","https://img.evbuc.com/https%3A%2F%2Fcdn.evbuc.com%2Fimages%2F1193263149%2F313283896071%2F1%2Foriginal.20260911-145057?crop=focalpoint&fit=crop&w=1024&auto=format%2Ccompress&q=75&sharp=10&fp-x=0.5&fp-y=0.5&s=a29fb0fd1c56eb0c0c2753c4b9d6c180"
"1791137277-10","https://www.eventbrite.ie/d/ireland--donegal/government--events/?page=1","Screening and Discussion on National Emergency Briefing","Thu 15 Oct, 07:30","Free","","Dundalk · Outcomers Hall","Screening and Discussion on National Emergency Briefing","Save this event: Screening and Discussion on National Emergency Briefing","Share this event: Screening and Discussion on National Emergency Briefing","Save this event: Screening and Discussion on National Emergency Briefing","Share this event: Screening and Discussion on National Emergency Briefing","Thu 15 Oct, 07:30","Free","Dundalk · Outcomers Hall","Friends of the Earth Dundalk","12 followers","","","https://img.evbuc.com/https%3A%2F%2Fcdn.evbuc.com%2Fimages%2F1194815560%2F2162397611343%2F1%2Foriginal.20261001-134137?crop=focalpoint&fit=crop&w=640&auto=format%2Ccompress&q=75&sharp=10&fp-x=0.5&fp-y=0.5&s=b7b052227defe1ae9d93877b1c0f48b1","https://img.evbuc.com/https%3A%2F%2Fcdn.evbuc.com%2Fimages%2F1194815560%2F2162397611343%2F1%2Foriginal.20261001-134137?crop=focalpoint&fit=crop&w=640&auto=format%2Ccompress&q=75&sharp=10&fp-x=0.5&fp-y=0.5&s=b7b052227defe1ae9d93877b1c0f48b1"
"1791137277-11","https://www.eventbrite.ie/d/ireland--donegal/government--events/?page=1","Book Launch of ‘Red Triangle’ by Dr Fearghal Mac Bhloscaidh","Thursday at 19:30","Free","","Falls Road · Raidió Fáilte 107.1fm","Book Launch of ‘Red Triangle’ by Dr Fearghal Mac Bhloscaidh","Save this event: Book Launch of ‘Red Triangle’ by Dr Fearghal Mac Bhloscaidh","Share this event: Book Launch of ‘Red Triangle’ by Dr Fearghal Mac Bhloscaidh","Save this event: Book Launch of ‘Red Triangle’ by Dr Fearghal Mac Bhloscaidh","Share this event: Book Launch of ‘Red Triangle’ by Dr Fearghal Mac Bhloscaidh","Thursday at 19:30","Free","Falls Road · Raidió Fáilte 107.1fm","Glór na Móna","202 followers","Sales end soon","Sales end soon","https://img.evbuc.com/https%3A%2F%2Fcdn.evbuc.com%2Fimages%2F1194098825%2F185031515086%2F1%2Foriginal.20260922-133118?crop=focalpoint&fit=crop&w=1024&auto=format%2Ccompress&q=75&sharp=10&fp-x=0.499&fp-y=0.34&s=6486cadfb9d11e1abed89c8faa051c70","https://img.evbuc.com/https%3A%2F%2Fcdn.evbuc.com%2Fimages%2F1194098825%2F185031515086%2F1%2Foriginal.20260922-133118?crop=focalpoint&fit=crop&w=1024&auto=format%2Ccompress&q=75&sharp=10&fp-x=0.499&fp-y=0.34&s=6486cadfb9d11e1abed89c8faa051c70"
"1791137277-12","https://www.eventbrite.ie/d/ireland--donegal/government--events/?page=1","The Universal Periodic Review and the UK: State Practice and Constitutional","Wed 14 Oct, 14:30","Free","","Windsor · School of Law, Main Site Tower, QUB (MST 09.022)","The Universal Periodic Review and the UK: State Practice and Constitutional","Save this event: The Universal Periodic Review and the UK: State Practice and Constitutional","Share this event: The Universal Periodic Review and the UK: State Practice and Constitutional","Save this event: The Universal Periodic Review and the UK: State Practice and Constitutional","Share this event: The Universal Periodic Review and the UK: State Practice and Constitutional","Wed 14 Oct, 14:30","Free","Windsor · School of Law, Main Site Tower, QUB (MST 09.022)","","","","","https://img.evbuc.com/https%3A%2F%2Fcdn.evbuc.com%2Fimages%2F1191745347%2F3011691563890%2F1%2Foriginal.20260824-103018?crop=focalpoint&fit=crop&w=320&auto=format%2Ccompress&q=75&sharp=10&fp-x=0.366&fp-y=0.222&s=4e634783f5dfcb4484359cc5da9a0795","https://img.evbuc.com/https%3A%2F%2Fcdn.evbuc.com%2Fimages%2F1191745347%2F3011691563890%2F1%2Foriginal.20260824-103018?crop=focalpoint&fit=crop&w=320&auto=format%2Ccompress&q=75&sharp=10&fp-x=0.366&fp-y=0.222&s=4e634783f5dfcb4484359cc5da9a0795"
"1791137277-13","https://www.eventbrite.ie/d/ireland--donegal/government--events/?page=1","Countering disengagement and polarisation","Wed 25 Nov, 17:00","Free","","Windsor · Senate Room, Queen's University Belfast","Countering disengagement and polarisation","Save this event: Countering disengagement and polarisation","Share this event: Countering disengagement and polarisation","Save this event: Countering disengagement and polarisation","Share this event: Countering disengagement and polarisation","Wed 25 Nov, 17:00","Free","Windsor · Senate Room, Queen's University Belfast","Queen's Institute for Peace, Security and Justice","551 followers","Selling fast","Selling fast","https://img.evbuc.com/https%3A%2F%2Fcdn.evbuc.com%2Fimages%2F1190357161%2F114788744663%2F1%2Foriginal.20260805-091909?crop=focalpoint&fit=crop&w=1024&auto=format%2Ccompress&q=75&sharp=10&fp-x=0.5&fp-y=0.5&s=75aef9c747ca5c525cb206154f970108","https://img.evbuc.com/https%3A%2F%2Fcdn.evbuc.com%2Fimages%2F1190357161%2F114788744663%2F1%2Foriginal.20260805-091909?crop=focalpoint&fit=crop&w=1024&auto=format%2Ccompress&q=75&sharp=10&fp-x=0.5&fp-y=0.5&s=75aef9c747ca5c525cb206154f970108"
"1791137277-14","https://www.eventbrite.ie/d/ireland--donegal/government--events/?page=1","Media In a New Ireland","Wed 14 Oct, 19:00","Free","","Milltown · Áras Uí Chonghaile James Connolly Visitor Centre","Media In a New Ireland","Save this event: Media In a New Ireland","Share this event: Media In a New Ireland","Save this event: Media In a New Ireland","Share this event: Media In a New Ireland","Wed 14 Oct, 19:00","Free","Milltown · Áras Uí Chonghaile James Connolly Visitor Centre","Commission on the Future of Ireland","199 followers","","","https://img.evbuc.com/https%3A%2F%2Fcdn.evbuc.com%2Fimages%2F1194005028%2F1639129023153%2F1%2Foriginal.20260921-132421?crop=focalpoint&fit=crop&w=1024&auto=format%2Ccompress&q=75&sharp=10&fp-x=0.486&fp-y=0.477&s=7a0df9ddc55affe5490664b1a24140ef","https://img.evbuc.com/https%3A%2F%2Fcdn.evbuc.com%2Fimages%2F1194005028%2F1639129023153%2F1%2Foriginal.20260921-132421?crop=focalpoint&fit=crop&w=1024&auto=format%2Ccompress&q=75&sharp=10&fp-x=0.486&fp-y=0.477&s=7a0df9ddc55affe5490664b1a24140ef"
"1791137277-15","https://www.eventbrite.ie/d/ireland--donegal/government--events/?page=1","Public Tour of Parliament Buildings, Stormont Estate, Belfast","Wednesday at 12:00 + 41 more","Free","","Stormont · Parliament Buildings","Public Tour of Parliament Buildings, Stormont Estate, Belfast","Save this event: Public Tour of Parliament Buildings, Stormont Estate, Belfast","Share this event: Public Tour of Parliament Buildings, Stormont Estate, Belfast","Save this event: Public Tour of Parliament Buildings, Stormont Estate, Belfast","Share this event: Public Tour of Parliament Buildings, Stormont Estate, Belfast","Wednesday at 12:00 + 41 more","Free","Stormont · Parliament Buildings","Northern Ireland Assembly Visitor Experience Team","567 followers","Almost full","Almost full","https://img.evbuc.com/https%3A%2F%2Fcdn.evbuc.com%2Fimages%2F252399729%2F867544496293%2F1%2Foriginal.20220322-172120?w=1024&auto=format%2Ccompress&q=75&sharp=10&rect=0%2C91%2C5508%2C2754&s=8099afafd708ff554818a578dfb27866","https://img.evbuc.com/https%3A%2F%2Fcdn.evbuc.com%2Fimages%2F252399729%2F867544496293%2F1%2Foriginal.20220322-172120?w=1024&auto=format%2Ccompress&q=75&sharp=10&rect=0%2C91%2C5508%2C2754&s=8099afafd708ff554818a578dfb27866"
"1791137277-16","https://www.eventbrite.ie/d/ireland--donegal/government--events/?page=1","KESS - Addressing Fraud & Benefit Error","Wed 25 Nov, 13:30","Free","","Stormont · Parliament Buildings","KESS - Addressing Fraud & Benefit Error","Save this event: KESS - Addressing Fraud & Benefit Error","Share this event: KESS - Addressing Fraud & Benefit Error","Save this event: KESS - Addressing Fraud & Benefit Error","Share this event: KESS - Addressing Fraud & Benefit Error","Wed 25 Nov, 13:30","Free","Stormont · Parliament Buildings","RaISe","27 followers","","","https://img.evbuc.com/https%3A%2F%2Fcdn.evbuc.com%2Fimages%2F1182227529%2F229596029203%2F1%2Foriginal.20260415-134703?crop=focalpoint&fit=crop&w=320&auto=format%2Ccompress&q=75&sharp=10&fp-x=0.5&fp-y=0.5&s=9eab5b074b36ba5c23527d77bfcccdf2","https://img.evbuc.com/https%3A%2F%2Fcdn.evbuc.com%2Fimages%2F1182227529%2F229596029203%2F1%2Foriginal.20260415-134703?crop=focalpoint&fit=crop&w=320&auto=format%2Ccompress&q=75&sharp=10&fp-x=0.5&fp-y=0.5&s=9eab5b074b36ba5c23527d77bfcccdf2"
"1791137277-17","https://www.eventbrite.ie/d/ireland--donegal/government--events/?page=1","KESS - Adult Safeguarding in Criminal Justice","Wednesday at 13:30","Free","","Stormont · Parliament Buildings","KESS - Adult Safeguarding in Criminal Justice","Save this event: KESS - Adult Safeguarding in Criminal Justice","Share this event: KESS - Adult Safeguarding in Criminal Justice","Save this event: KESS - Adult Safeguarding in Criminal Justice","Share this event: KESS - Adult Safeguarding in Criminal Justice","Wednesday at 13:30","Free","Stormont · Parliament Buildings","RaISe","27 followers","Sales end soon","Sales end soon","https://img.evbuc.com/https%3A%2F%2Fcdn.evbuc.com%2Fimages%2F1182227529%2F229596029203%2F1%2Foriginal.20260415-134703?crop=focalpoint&fit=crop&w=320&auto=format%2Ccompress&q=75&sharp=10&fp-x=0.5&fp-y=0.5&s=9eab5b074b36ba5c23527d77bfcccdf2","https://img.evbuc.com/https%3A%2F%2Fcdn.evbuc.com%2Fimages%2F1182227529%2F229596029203%2F1%2Foriginal.20260415-134703?crop=focalpoint&fit=crop&w=320&auto=format%2Ccompress&q=75&sharp=10&fp-x=0.5&fp-y=0.5&s=9eab5b074b36ba5c23527d77bfcccdf2"
"1791137277-18","https://www.eventbrite.ie/d/ireland--donegal/government--events/?page=1","Léacht Harry Holland: Fergus Ó hÍr in conversation","Thu 15 Oct, 19:00","Free","","Falls Road · Cultúrlann McAdam Ó Fiaich","Léacht Harry Holland: Fergus Ó hÍr in conversation","Save this event: Léacht Harry Holland: Fergus Ó hÍr in conversation","Share this event: Léacht Harry Holland: Fergus Ó hÍr in conversation","Save this event: Léacht Harry Holland: Fergus Ó hÍr in conversation","Share this event: Léacht Harry Holland: Fergus Ó hÍr in conversation","Thu 15 Oct, 19:00","Free","Falls Road · Cultúrlann McAdam Ó Fiaich","Glór na Móna","202 followers","","","https://img.evbuc.com/https%3A%2F%2Fcdn.evbuc.com%2Fimages%2F1194641436%2F185031515086%2F1%2Foriginal.20260929-161843?crop=focalpoint&fit=crop&w=1024&auto=format%2Ccompress&q=75&sharp=10&fp-x=0.512&fp-y=0.112&s=7e7ef59536659d1dcf412122d1a795b7","https://img.evbuc.com/https%3A%2F%2Fcdn.evbuc.com%2Fimages%2F1194641436%2F185031515086%2F1%2Foriginal.20260929-161843?crop=focalpoint&fit=crop&w=1024&auto=format%2Ccompress&q=75&sharp=10&fp-x=0.512&fp-y=0.112&s=7e7ef59536659d1dcf412122d1a795b7"
"1791137277-19","https://www.eventbrite.ie/d/ireland--donegal/government--events/?page=1","KESS - Addressing Farming and Natural Constraint Areas","Wed 11 Nov, 13:30","Free","","Stormont · Parliament Buildings","KESS - Addressing Farming and Natural Constraint Areas","Save this event: KESS - Addressing Farming and Natural Constraint Areas","Share this event: KESS - Addressing Farming and Natural Constraint Areas","Save this event: KESS - Addressing Farming and Natural Constraint Areas","Share this event: KESS - Addressing Farming and Natural Constraint Areas","Wed 11 Nov, 13:30","Free","Stormont · Parliament Buildings","RaISe","27 followers","","","https://img.evbuc.com/https%3A%2F%2Fcdn.evbuc.com%2Fimages%2F1182227529%2F229596029203%2F1%2Foriginal.20260415-134703?crop=focalpoint&fit=crop&w=320&auto=format%2Ccompress&q=75&sharp=10&fp-x=0.5&fp-y=0.5&s=9eab5b074b36ba5c23527d77bfcccdf2","https://img.evbuc.com/https%3A%2F%2Fcdn.evbuc.com%2Fimages%2F1182227529%2F229596029203%2F1%2Foriginal.20260415-134703?crop=focalpoint&fit=crop&w=320&auto=format%2Ccompress&q=75&sharp=10&fp-x=0.5&fp-y=0.5&s=9eab5b074b36ba5c23527d77bfcccdf2"
"1791137277-20","https://www.eventbrite.ie/d/ireland--donegal/government--events/?page=1","KESS- Resilient Workforces in Northern Ireland","Wed 9 Dec, 13:30","Free","","Stormont · Parliament Buildings","KESS- Resilient Workforces in Northern Ireland","Save this event: KESS- Resilient Workforces in Northern Ireland","Share this event: KESS- Resilient Workforces in Northern Ireland","Save this event: KESS- Resilient Workforces in Northern Ireland","Share this event: KESS- Resilient Workforces in Northern Ireland","Wed 9 Dec, 13:30","Free","Stormont · Parliament Buildings","RaISe","27 followers","","","https://img.evbuc.com/https%3A%2F%2Fcdn.evbuc.com%2Fimages%2F1182227529%2F229596029203%2F1%2Foriginal.20260415-134703?crop=focalpoint&fit=crop&w=320&auto=format%2Ccompress&q=75&sharp=10&fp-x=0.5&fp-y=0.5&s=9eab5b074b36ba5c23527d77bfcccdf2","https://img.evbuc.com/https%3A%2F%2Fcdn.evbuc.com%2Fimages%2F1182227529%2F229596029203%2F1%2Foriginal.20260415-134703?crop=focalpoint&fit=crop&w=320&auto=format%2Ccompress&q=75&sharp=10&fp-x=0.5&fp-y=0.5&s=9eab5b074b36ba5c23527d77bfcccdf2"
"1791137283-21","https://www.eventbrite.ie/d/ireland--donegal/film-and-media--events/?page=1","Halloween drive in movie","Sun 18 Oct, 12:00","From €6.34","","Donegal · Navenny Street","Halloween drive in movie","Save this event: Halloween drive in movie","Share this event: Halloween drive in movie","Save this event: Halloween drive in movie","Share this event: Halloween drive in movie","Sun 18 Oct, 12:00","From €6.34","Donegal · Navenny Street","BASICC","25 followers","Selling fast","Selling fast","https://img.evbuc.com/https%3A%2F%2Fcdn.evbuc.com%2Fimages%2F1194178811%2F446674262946%2F1%2Foriginal.20260923-101852?crop=focalpoint&fit=crop&w=640&auto=format%2Ccompress&q=75&sharp=10&fp-x=0.5&fp-y=0.5&s=bff8334e8292110de2e38b29e820e339","https://img.evbuc.com/https%3A%2F%2Fcdn.evbuc.com%2Fimages%2F1194178811%2F446674262946%2F1%2Foriginal.20260923-101852?crop=focalpoint&fit=crop&w=640&auto=format%2Ccompress&q=75&sharp=10&fp-x=0.5&fp-y=0.5&s=bff8334e8292110de2e38b29e820e339"
"1791137283-22","https://www.eventbrite.ie/d/ireland--donegal/film-and-media--events/?page=1","COLOFILM FEST","Wednesday at 12:00","From £5.00","","Fermanagh · Manor House Country Hotel","COLOFILM FEST","Save this event: COLOFILM FEST","Share this event: COLOFILM FEST","Save this event: COLOFILM FEST","Share this event: COLOFILM FEST","Wednesday at 12:00","From £5.00","Fermanagh · Manor House Country Hotel","","","Sales end soon","Sales end soon","https://img.evbuc.com/https%3A%2F%2Fcdn.evbuc.com%2Fimages%2F1193541071%2F3014176428027%2F1%2Foriginal.20260915-104306?crop=focalpoint&fit=crop&w=1024&auto=format%2Ccompress&q=75&sharp=10&fp-x=0.062&fp-y=0.101&s=858917fc248cbc3892f4799c827bfe94","https://img.evbuc.com/https%3A%2F%2Fcdn.evbuc.com%2Fimages%2F1193541071%2F3014176428027%2F1%2Foriginal.20260915-104306?crop=focalpoint&fit=crop&w=1024&auto=format%2Ccompress&q=75&sharp=10&fp-x=0.062&fp-y=0.101&s=858917fc248cbc3892f4799c827bfe94"
"1791137283-23","https://www.eventbrite.ie/d/ireland--donegal/film-and-media--events/?page=1","The Masked Singer","Saturday at 18:30","From €27.79","","Sligo · Clayton Hotel Sligo","The Masked Singer","Save this event: The Masked Singer","Share this event: The Masked Singer","Save this event: The Masked Singer","Share this event: The Masked Singer","Saturday at 18:30","From €27.79","Sligo · Clayton Hotel Sligo","","","Selling fast","Selling fast","https://img.evbuc.com/https%3A%2F%2Fcdn.evbuc.com%2Fimages%2F1192834159%2F31993448357%2F1%2Foriginal.20260906-201319?crop=focalpoint&fit=crop&w=1024&auto=format%2Ccompress&q=75&sharp=10&fp-x=0.5&fp-y=0.5&s=17d5bd0d9f0ff1aea787f785db609884","https://img.evbuc.com/https%3A%2F%2Fcdn.evbuc.com%2Fimages%2F1192834159%2F31993448357%2F1%2Foriginal.20260906-201319?crop=focalpoint&fit=crop&w=1024&auto=format%2Ccompress&q=75&sharp=10&fp-x=0.5&fp-y=0.5&s=17d5bd0d9f0ff1aea787f785db609884"
"1791137283-24","https://www.eventbrite.ie/d/ireland--donegal/film-and-media--events/?page=1","Great","Wed 21 Oct, 19:00","From €0.00","","Letterkenny · Regional Cultural Centre, Letterkenny","Great","Save this event: Great","Share this event: Great","Save this event: Great","Share this event: Great","Wed 21 Oct, 19:00","From €0.00","Letterkenny · Regional Cultural Centre, Letterkenny","","","","","https://img.evbuc.com/https%3A%2F%2Fcdn.evbuc.com%2Fimages%2F1194640666%2F271686754169%2F1%2Foriginal.20260929-161137?crop=focalpoint&fit=crop&w=1024&auto=format%2Ccompress&q=75&sharp=10&fp-x=0.55&fp-y=0.205&s=a95a356b8729bd9862cfbaf05f4c12d8","https://img.evbuc.com/https%3A%2F%2Fcdn.evbuc.com%2Fimages%2F1194640666%2F271686754169%2F1%2Foriginal.20260929-161137?crop=focalpoint&fit=crop&w=1024&auto=format%2Ccompress&q=75&sharp=10&fp-x=0.55&fp-y=0.205&s=a95a356b8729bd9862cfbaf05f4c12d8"
"1791137283-25","https://www.eventbrite.ie/d/ireland--donegal/film-and-media--events/?page=1","Filmas ""(NE)TOBULI  MELAGIAI"" - COOKSTOWN","Sat 17 Oct, 19:30","From £13.00","","Cookstown · The Ritz Multiplex, Burn Road, Cookstown, UK","Filmas ""(NE)TOBULI  MELAGIAI"" - COOKSTOWN","Save this event: Filmas ""(NE)TOBULI  MELAGIAI"" - COOKSTOWN","Share this event: Filmas ""(NE)TOBULI  MELAGIAI"" - COOKSTOWN","Save this event: Filmas ""(NE)TOBULI  MELAGIAI"" - COOKSTOWN","Share this event: Filmas ""(NE)TOBULI  MELAGIAI"" - COOKSTOWN","Sat 17 Oct, 19:30","From £13.00","Cookstown · The Ritz Multiplex, Burn Road, Cookstown, UK","Baltic Movies","184 followers","Almost full","Almost full","https://img.evbuc.com/https%3A%2F%2Fcdn.evbuc.com%2Fimages%2F1193457643%2F288071856597%2F1%2Foriginal.20260914-154041?crop=focalpoint&fit=crop&w=1024&auto=format%2Ccompress&q=75&sharp=10&fp-x=0.5&fp-y=0.5&s=1f3a36a261fbd299fc455f662b42e971","https://img.evbuc.com/https%3A%2F%2Fcdn.evbuc.com%2Fimages%2F1193457643%2F288071856597%2F1%2Foriginal.20260914-154041?crop=focalpoint&fit=crop&w=1024&auto=format%2Ccompress&q=75&sharp=10&fp-x=0.5&fp-y=0.5&s=1f3a36a261fbd299fc455f662b42e971"
"1791137283-26","https://www.eventbrite.ie/d/ireland--donegal/film-and-media--events/?page=1","The Polar Express","Sat 19 Dec, 13:30","From £5.00","","Limavady · Roe Valley Arts and Cultural Centre","The Polar Express","Save this event: The Polar Express","Share this event: The Polar Express","Save this event: The Polar Express","Share this event: The Polar Express","Sat 19 Dec, 13:30","From £5.00","Limavady · Roe Valley Arts and Cultural Centre","Roe Valley Arts & Cultural Centre","1.3k followers","","","https://img.evbuc.com/https%3A%2F%2Fcdn.evbuc.com%2Fimages%2F1191641804%2F2020229260713%2F1%2Foriginal.20260822-032139?crop=focalpoint&fit=crop&w=1024&auto=format%2Ccompress&q=75&sharp=10&fp-x=0.5&fp-y=0.5&s=65c235523f6ab6b03b329c7231e76368","https://img.evbuc.com/https%3A%2F%2Fcdn.evbuc.com%2Fimages%2F1191641804%2F2020229260713%2F1%2Foriginal.20260822-032139?crop=focalpoint&fit=crop&w=1024&auto=format%2Ccompress&q=75&sharp=10&fp-x=0.5&fp-y=0.5&s=65c235523f6ab6b03b329c7231e76368"
"1791137283-27","https://www.eventbrite.ie/d/ireland--donegal/film-and-media--events/?page=1","Ballina Smartphone Short Film Festival","Saturday at 14:00","From €11.70","","Ballina · The NCF Cultural Co-Op","Ballina Smartphone Short Film Festival","Save this event: Ballina Smartphone Short Film Festival","Share this event: Ballina Smartphone Short Film Festival","Save this event: Ballina Smartphone Short Film Festival","Share this event: Ballina Smartphone Short Film Festival","Saturday at 14:00","From €11.70","Ballina · The NCF Cultural Co-Op","Ballina Fringe Festival","227 followers","","","https://img.evbuc.com/https%3A%2F%2Fcdn.evbuc.com%2Fimages%2F1193894080%2F468640845141%2F1%2Foriginal.20260919-083633?crop=focalpoint&fit=crop&w=1024&auto=format%2Ccompress&q=75&sharp=10&fp-x=0.672&fp-y=0.35&s=bae78557f91083b2a47208673776f5f1","https://img.evbuc.com/https%3A%2F%2Fcdn.evbuc.com%2Fimages%2F1193894080%2F468640845141%2F1%2Foriginal.20260919-083633?crop=focalpoint&fit=crop&w=1024&auto=format%2Ccompress&q=75&sharp=10&fp-x=0.672&fp-y=0.35&s=bae78557f91083b2a47208673776f5f1"
"1791137283-28","https://www.eventbrite.ie/d/ireland--donegal/film-and-media--events/?page=1","National Theatre Live | The Misanthrope","Thursday at 19:00","From £12.00","","Coleraine · Flowerfield Arts Centre","National Theatre Live | The Misanthrope","Save this event: National Theatre Live | The Misanthrope","Share this event: National Theatre Live | The Misanthrope","Save this event: National Theatre Live | The Misanthrope","Share this event: National Theatre Live | The Misanthrope","Thursday at 19:00","From £12.00","Coleraine · Flowerfield Arts Centre","Flowerfield ArtsCentre","714 followers","Sales end soon","Sales end soon","https://img.evbuc.com/https%3A%2F%2Fcdn.evbuc.com%2Fimages%2F1191324045%2F2020229260713%2F1%2Foriginal.20260818-112603?crop=focalpoint&fit=crop&w=1024&auto=format%2Ccompress&q=75&sharp=10&fp-x=0.5&fp-y=0.5&s=07d73ffcc196189cd28d80ac3a7c1d62","https://img.evbuc.com/https%3A%2F%2Fcdn.evbuc.com%2Fimages%2F1191324045%2F2020229260713%2F1%2Foriginal.20260818-112603?crop=focalpoint&fit=crop&w=1024&auto=format%2Ccompress&q=75&sharp=10&fp-x=0.5&fp-y=0.5&s=07d73ffcc196189cd28d80ac3a7c1d62"
"1791137283-29","https://www.eventbrite.ie/d/ireland--donegal/film-and-media--events/?page=1","Palladium Portstewart | Innerspace","Thu 19 Nov, 19:15","From £6.00","View 3 similar results","Coleraine · Flowerfield Arts Centre","Palladium Portstewart | Innerspace","Save this event: Palladium Portstewart | Innerspace","Share this event: Palladium Portstewart | Innerspace","Save this event: Palladium Portstewart | Innerspace","Share this event: Palladium Portstewart | Innerspace","Thu 19 Nov, 19:15","From £6.00","Coleraine · Flowerfield Arts Centre","Flowerfield ArtsCentre","714 followers","","","https://img.evbuc.com/https%3A%2F%2Fcdn.evbuc.com%2Fimages%2F1191938878%2F2020229260713%2F1%2Foriginal.20260826-124300?crop=focalpoint&fit=crop&w=1024&auto=format%2Ccompress&q=75&sharp=10&fp-x=0.529&fp-y=0.372&s=4f1098b725c7d399b4f91c59412fabdc","https://img.evbuc.com/https%3A%2F%2Fcdn.evbuc.com%2Fimages%2F1191938878%2F2020229260713%2F1%2Foriginal.20260826-124300?crop=focalpoint&fit=crop&w=1024&auto=format%2Ccompress&q=75&sharp=10&fp-x=0.529&fp-y=0.372&s=4f1098b725c7d399b4f91c59412fabdc"
"1791137283-30","https://www.eventbrite.ie/d/ireland--donegal/film-and-media--events/?page=1","Exhibition on Screen | Michelangelo | Love and Death","Thu 26 Nov, 19:00","From £10.00","","Coleraine · Flowerfield Arts Centre","Exhibition on Screen | Michelangelo | Love and Death","Save this event: Exhibition on Screen | Michelangelo | Love and Death","Share this event: Exhibition on Screen | Michelangelo | Love and Death","Save this event: Exhibition on Screen | Michelangelo | Love and Death","Share this event: Exhibition on Screen | Michelangelo | Love and Death","Thu 26 Nov, 19:00","From £10.00","Coleraine · Flowerfield Arts Centre","Flowerfield ArtsCentre","714 followers","","","https://img.evbuc.com/https%3A%2F%2Fcdn.evbuc.com%2Fimages%2F1190881901%2F2020229260713%2F1%2Foriginal.20260812-115102?crop=focalpoint&fit=crop&w=1024&auto=format%2Ccompress&q=75&sharp=10&fp-x=0.5&fp-y=0.5&s=890476a498fde10c0e6a1562d817dde0","https://img.evbuc.com/https%3A%2F%2Fcdn.evbuc.com%2Fimages%2F1190881901%2F2020229260713%2F1%2Foriginal.20260812-115102?crop=focalpoint&fit=crop&w=1024&auto=format%2Ccompress&q=75&sharp=10&fp-x=0.5&fp-y=0.5&s=890476a498fde10c0e6a1562d817dde0"
"1791137283-31","https://www.eventbrite.ie/d/ireland--donegal/film-and-media--events/?page=1","Exhibition on Screen | Tokyo Stories","Thu 22 Oct, 19:00","From £10.00","","Coleraine · Flowerfield Arts Centre","Exhibition on Screen | Tokyo Stories","Save this event: Exhibition on Screen | Tokyo Stories","Share this event: Exhibition on Screen | Tokyo Stories","Save this event: Exhibition on Screen | Tokyo Stories","Share this event: Exhibition on Screen | Tokyo Stories","Thu 22 Oct, 19:00","From £10.00","Coleraine · Flowerfield Arts Centre","Flowerfield ArtsCentre","714 followers","","","https://img.evbuc.com/https%3A%2F%2Fcdn.evbuc.com%2Fimages%2F1190881418%2F2020229260713%2F1%2Foriginal.20260812-114152?crop=focalpoint&fit=crop&w=1024&auto=format%2Ccompress&q=75&sharp=10&fp-x=0.5&fp-y=0.5&s=a16fac12cedbae4b00dceaa685550516","https://img.evbuc.com/https%3A%2F%2Fcdn.evbuc.com%2Fimages%2F1190881418%2F2020229260713%2F1%2Foriginal.20260812-114152?crop=focalpoint&fit=crop&w=1024&auto=format%2Ccompress&q=75&sharp=10&fp-x=0.5&fp-y=0.5&s=a16fac12cedbae4b00dceaa685550516"
"1791137283-32","https://www.eventbrite.ie/d/ireland--donegal/film-and-media--events/?page=1","Haunted Westmeath Podcast Live: Special Longford Edition","Fri 23 Oct, 20:00","Free","","Longford · Edward J Valentines Bar","Haunted Westmeath Podcast Live: Special Longford Edition","Save this event: Haunted Westmeath Podcast Live: Special Longford Edition","Share this event: Haunted Westmeath Podcast Live: Special Longford Edition","Save this event: Haunted Westmeath Podcast Live: Special Longford Edition","Share this event: Haunted Westmeath Podcast Live: Special Longford Edition","Fri 23 Oct, 20:00","Free","Longford · Edward J Valentines Bar","Live Transmission Records","99 followers","","","https://img.evbuc.com/https%3A%2F%2Fcdn.evbuc.com%2Fimages%2F1190708288%2F264175537141%2F1%2Foriginal.20260810-143533?crop=focalpoint&fit=crop&w=1024&auto=format%2Ccompress&q=75&sharp=10&fp-x=0.5&fp-y=0.5&s=882b547f835094dd3e0cab1db5f0996f","https://img.evbuc.com/https%3A%2F%2Fcdn.evbuc.com%2Fimages%2F1190708288%2F264175537141%2F1%2Foriginal.20260810-143533?crop=focalpoint&fit=crop&w=1024&auto=format%2Ccompress&q=75&sharp=10&fp-x=0.5&fp-y=0.5&s=882b547f835094dd3e0cab1db5f0996f"
"1791137283-33","https://www.eventbrite.ie/d/ireland--donegal/film-and-media--events/?page=1","Traumality - Northern Ireland Premiere","Thu 22 Oct, 18:30","From £5.00","","Falls Road · The MAC","Traumality - Northern Ireland Premiere","Save this event: Traumality - Northern Ireland Premiere","Share this event: Traumality - Northern Ireland Premiere","Save this event: Traumality - Northern Ireland Premiere","Share this event: Traumality - Northern Ireland Premiere","Thu 22 Oct, 18:30","From £5.00","Falls Road · The MAC","The Sunshine Project","24 followers","Almost full","Almost full","https://img.evbuc.com/https%3A%2F%2Fcdn.evbuc.com%2Fimages%2F1194618475%2F245321236475%2F1%2Foriginal.20260929-115037?crop=focalpoint&fit=crop&w=1024&auto=format%2Ccompress&q=75&sharp=10&fp-x=0.5&fp-y=0.5&s=03542508b3fa5b0d3395706031738656","https://img.evbuc.com/https%3A%2F%2Fcdn.evbuc.com%2Fimages%2F1194618475%2F245321236475%2F1%2Foriginal.20260929-115037?crop=focalpoint&fit=crop&w=1024&auto=format%2Ccompress&q=75&sharp=10&fp-x=0.5&fp-y=0.5&s=03542508b3fa5b0d3395706031738656"
"1791137283-34","https://www.eventbrite.ie/d/ireland--donegal/film-and-media--events/?page=1","Filmas “Instruktorius”  - DUNDALKE","Sat 7 Nov, 18:30","From €14.81","","Dundalk · IMC Cinema Dundalk","Filmas “Instruktorius”  - DUNDALKE","Save this event: Filmas “Instruktorius”  - DUNDALKE","Share this event: Filmas “Instruktorius”  - DUNDALKE","Save this event: Filmas “Instruktorius”  - DUNDALKE","Share this event: Filmas “Instruktorius”  - DUNDALKE","Sat 7 Nov, 18:30","From €14.81","Dundalk · IMC Cinema Dundalk","Dundalko Lietuvių Bendruomenė","272 followers","Just added","Just added","https://img.evbuc.com/https%3A%2F%2Fcdn.evbuc.com%2Fimages%2F1194853517%2F200028202166%2F1%2Foriginal.20261001-202058?crop=focalpoint&fit=crop&w=1024&auto=format%2Ccompress&q=75&sharp=10&fp-x=0.5&fp-y=0.5&s=0dce617fe843e8a05a4a70eb63a7b1a1","https://img.evbuc.com/https%3A%2F%2Fcdn.evbuc.com%2Fimages%2F1194853517%2F200028202166%2F1%2Foriginal.20261001-202058?crop=focalpoint&fit=crop&w=1024&auto=format%2Ccompress&q=75&sharp=10&fp-x=0.5&fp-y=0.5&s=0dce617fe843e8a05a4a70eb63a7b1a1"
"1791137283-35","https://www.eventbrite.ie/d/ireland--donegal/film-and-media--events/?page=1","Dundalk Comic Con Christmas Special","Sun 29 Nov, 11:00","From €9.55","","Blackrock · Fairways Hotel Dundalk","Dundalk Comic Con Christmas Special","Save this event: Dundalk Comic Con Christmas Special","Share this event: Dundalk Comic Con Christmas Special","Save this event: Dundalk Comic Con Christmas Special","Share this event: Dundalk Comic Con Christmas Special","Sun 29 Nov, 11:00","From €9.55","Blackrock · Fairways Hotel Dundalk","Mini-Con Ireland","447 followers","","","https://img.evbuc.com/https%3A%2F%2Fcdn.evbuc.com%2Fimages%2F1189865097%2F228554572684%2F1%2Foriginal.20260729-103526?crop=focalpoint&fit=crop&w=1024&auto=format%2Ccompress&q=75&sharp=10&fp-x=0.5&fp-y=0.5&s=305688053a304641a6e7298076c318ac","https://img.evbuc.com/https%3A%2F%2Fcdn.evbuc.com%2Fimages%2F1189865097%2F228554572684%2F1%2Foriginal.20260729-103526?crop=focalpoint&fit=crop&w=1024&auto=format%2Ccompress&q=75&sharp=10&fp-x=0.5&fp-y=0.5&s=305688053a304641a6e7298076c318ac"
"1791137283-36","https://www.eventbrite.ie/d/ireland--donegal/film-and-media--events/?page=1","Other Mommy - Private Movie Screening - Belfast City Centre","Mon 12 Oct, 19:30","From £11.99","","Cliftonville · Movie House Cinema CitySide Belfast","Other Mommy - Private Movie Screening - Belfast City Centre","Save this event: Other Mommy - Private Movie Screening - Belfast City Centre","Share this event: Other Mommy - Private Movie Screening - Belfast City Centre","Save this event: Other Mommy - Private Movie Screening - Belfast City Centre","Share this event: Other Mommy - Private Movie Screening - Belfast City Centre","Mon 12 Oct, 19:30","From £11.99","Cliftonville · Movie House Cinema CitySide Belfast","HORRORBLE MONDAY Movie Club","86 followers","","","https://img.evbuc.com/https%3A%2F%2Fcdn.evbuc.com%2Fimages%2F1194209535%2F3005607734117%2F1%2Foriginal.20260923-165244?crop=focalpoint&fit=crop&w=1024&auto=format%2Ccompress&q=75&sharp=10&fp-x=0.52&fp-y=0.108&s=6c6855240842faf6a9b9dce384ffd765","https://img.evbuc.com/https%3A%2F%2Fcdn.evbuc.com%2Fimages%2F1194209535%2F3005607734117%2F1%2Foriginal.20260923-165244?crop=focalpoint&fit=crop&w=1024&auto=format%2Ccompress&q=75&sharp=10&fp-x=0.52&fp-y=0.108&s=6c6855240842faf6a9b9dce384ffd765"
"1791137283-37","https://www.eventbrite.ie/d/ireland--donegal/film-and-media--events/?page=1","Fool Me Twice!  - Premiere Screening","Mon 9 Nov, 20:00","From £3.50","","Ballymacarret · The Black Box","Fool Me Twice!  - Premiere Screening","Save this event: Fool Me Twice!  - Premiere Screening","Share this event: Fool Me Twice!  - Premiere Screening","Save this event: Fool Me Twice!  - Premiere Screening","Share this event: Fool Me Twice!  - Premiere Screening","Mon 9 Nov, 20:00","From £3.50","Ballymacarret · The Black Box","","","","","https://img.evbuc.com/https%3A%2F%2Fcdn.evbuc.com%2Fimages%2F1190641848%2F2265176240603%2F1%2Foriginal.20260809-094819?crop=focalpoint&fit=crop&w=1024&auto=format%2Ccompress&q=75&sharp=10&fp-x=0.5&fp-y=0.5&s=36f22766ea7e82e612b54082a7b91ff3","https://img.evbuc.com/https%3A%2F%2Fcdn.evbuc.com%2Fimages%2F1190641848%2F2265176240603%2F1%2Foriginal.20260809-094819?crop=focalpoint&fit=crop&w=1024&auto=format%2Ccompress&q=75&sharp=10&fp-x=0.5&fp-y=0.5&s=36f22766ea7e82e612b54082a7b91ff3"
"1791137283-38","https://www.eventbrite.ie/d/ireland--donegal/film-and-media--events/?page=1","Halloween Cinema day at The Speckled Hen","Wed 28 Oct, 18:00","From £3.96","View 2 similar results","Dunmurry · The Speckled Hen","Halloween Cinema day at The Speckled Hen","Save this event: Halloween Cinema day at The Speckled Hen","Share this event: Halloween Cinema day at The Speckled Hen","Save this event: Halloween Cinema day at The Speckled Hen","Share this event: Halloween Cinema day at The Speckled Hen","Wed 28 Oct, 18:00","From £3.96","Dunmurry · The Speckled Hen","","","","","https://img.evbuc.com/https%3A%2F%2Fcdn.evbuc.com%2Fimages%2F1193740725%2F3012552450204%2F1%2Foriginal.20260917-121005?crop=focalpoint&fit=crop&w=1024&auto=format%2Ccompress&q=75&sharp=10&fp-x=0.5&fp-y=0.5&s=3a734562f8bae2f06ab3ccde4a082ad5","https://img.evbuc.com/https%3A%2F%2Fcdn.evbuc.com%2Fimages%2F1193740725%2F3012552450204%2F1%2Foriginal.20260917-121005?crop=focalpoint&fit=crop&w=1024&auto=format%2Ccompress&q=75&sharp=10&fp-x=0.5&fp-y=0.5&s=3a734562f8bae2f06ab3ccde4a082ad5"
"1791137283-39","https://www.eventbrite.ie/d/ireland--donegal/film-and-media--events/?page=1","SPOOKY SOUNDS & SCREEN","Thu 29 Oct, 13:30","From £25.00","","Newry · Sheridan Stage School","SPOOKY SOUNDS & SCREEN","Save this event: SPOOKY SOUNDS & SCREEN","Share this event: SPOOKY SOUNDS & SCREEN","Save this event: SPOOKY SOUNDS & SCREEN","Share this event: SPOOKY SOUNDS & SCREEN","Thu 29 Oct, 13:30","From £25.00","Newry · Sheridan Stage School","","","","","https://img.evbuc.com/https%3A%2F%2Fcdn.evbuc.com%2Fimages%2F1194499639%2F2996162191936%2F1%2Foriginal.20260928-092300?crop=focalpoint&fit=crop&w=1024&auto=format%2Ccompress&q=75&sharp=10&fp-x=0.482&fp-y=0.066&s=6ec7529b1d159a77e0995d95edd3da96","https://img.evbuc.com/https%3A%2F%2Fcdn.evbuc.com%2Fimages%2F1194499639%2F2996162191936%2F1%2Foriginal.20260928-092300?crop=focalpoint&fit=crop&w=1024&auto=format%2Ccompress&q=75&sharp=10&fp-x=0.482&fp-y=0.066&s=6ec7529b1d159a77e0995d95edd3da96"
"1791137283-40","https://www.eventbrite.ie/d/ireland--donegal/film-and-media--events/?page=1","Doctor doctor Who is there?","Tue 17 Nov, 19:30","From £10.00","","Falls Road · Sunflower Public House","Doctor doctor Who is there?","Save this event: Doctor doctor Who is there?","Share this event: Doctor doctor Who is there?","Save this event: Doctor doctor Who is there?","Share this event: Doctor doctor Who is there?","Tue 17 Nov, 19:30","From £10.00","Falls Road · Sunflower Public House","","","","","https://img.evbuc.com/https%3A%2F%2Fcdn.evbuc.com%2Fimages%2F1193218346%2F3000299493730%2F1%2Foriginal.20260911-001326?crop=focalpoint&fit=crop&w=1024&auto=format%2Ccompress&q=75&sharp=10&fp-x=0.571&fp-y=0.171&s=d583961c25b651f8aa941ce7e2678565","https://img.evbuc.com/https%3A%2F%2Fcdn.evbuc.com%2Fimages%2F1193218346%2F3000299493730%2F1%2Foriginal.20260911-001326?crop=focalpoint&fit=crop&w=1024&auto=format%2Ccompress&q=75&sharp=10&fp-x=0.571&fp-y=0.171&s=d583961c25b651f8aa941ce7e2678565"
"1791137288-41","https://www.eventbrite.ie/d/ireland--donegal/travel-and-outdoor--events/?page=1","The Big Student Mystery Tour 2026","Tue 20 Oct, 17:00","From €27.79","","Letterkenny · Sonny McSwine's, Letterkenny - McCafferty's Bar Group,","The Big Student Mystery Tour 2026","Save this event: The Big Student Mystery Tour 2026","Share this event: The Big Student Mystery Tour 2026","Save this event: The Big Student Mystery Tour 2026","Share this event: The Big Student Mystery Tour 2026","Tue 20 Oct, 17:00","From €27.79","Letterkenny · Sonny McSwine's, Letterkenny - McCafferty's Bar Group,","Sonny McSwine's  - McCafferty's Bar Group","171 followers","Just added","Just added","https://img.evbuc.com/https%3A%2F%2Fcdn.evbuc.com%2Fimages%2F1194712992%2F2990238846746%2F1%2Foriginal.20260930-112921?crop=focalpoint&fit=crop&w=1024&auto=format%2Ccompress&q=75&sharp=10&fp-x=0.5&fp-y=0.5&s=6ba7decbb78d44002fe9eb1299f816ad","https://img.evbuc.com/https%3A%2F%2Fcdn.evbuc.com%2Fimages%2F1194712992%2F2990238846746%2F1%2Foriginal.20260930-112921?crop=focalpoint&fit=crop&w=1024&auto=format%2Ccompress&q=75&sharp=10&fp-x=0.5&fp-y=0.5&s=6ba7decbb78d44002fe9eb1299f816ad"
"1791137288-42","https://www.eventbrite.ie/d/ireland--donegal/travel-and-outdoor--events/?page=1","Discover Derry! Interactive Treasure Hunt & City Exploration Game","Today at 07:00 + 88 more","From £28.96","","Londonderry County Borough · Peace Flame","Discover Derry! Interactive Treasure Hunt & City Exploration Game","Save this event: Discover Derry! Interactive Treasure Hunt & City Exploration Game","Share this event: Discover Derry! Interactive Treasure Hunt & City Exploration Game","Save this event: Discover Derry! Interactive Treasure Hunt & City Exploration Game","Share this event: Discover Derry! Interactive Treasure Hunt & City Exploration Game","Today at 07:00 + 88 more","From £28.96","Londonderry County Borough · Peace Flame","Go Quest Adventures","48 followers","Sales end soon","Sales end soon","https://img.evbuc.com/https%3A%2F%2Fcdn.evbuc.com%2Fimages%2F1090480733%2F853040574593%2F1%2Foriginal.20250807-143008?w=1024&auto=format%2Ccompress&q=75&sharp=10&rect=0%2C160%2C1280%2C640&s=1b28230fcaaac15c0ed623af37c0927b","https://img.evbuc.com/https%3A%2F%2Fcdn.evbuc.com%2Fimages%2F1090480733%2F853040574593%2F1%2Foriginal.20250807-143008?w=1024&auto=format%2Ccompress&q=75&sharp=10&rect=0%2C160%2C1280%2C640&s=1b28230fcaaac15c0ed623af37c0927b"
"1791137288-43","https://www.eventbrite.ie/d/ireland--donegal/travel-and-outdoor--events/?page=1","AMA River Cruises","Wednesday at 12:00","Free","","Enniskillen · Carefree Travel","AMA River Cruises","Save this event: AMA River Cruises","Share this event: AMA River Cruises","Save this event: AMA River Cruises","Share this event: AMA River Cruises","Wednesday at 12:00","Free","Enniskillen · Carefree Travel","","","Sales end soon","Sales end soon","https://img.evbuc.com/https%3A%2F%2Fcdn.evbuc.com%2Fimages%2F1194089770%2F3010723267935%2F1%2Foriginal.20260922-111044?crop=focalpoint&fit=crop&w=1024&auto=format%2Ccompress&q=75&sharp=10&fp-x=0.5&fp-y=0.5&s=5f770d8e7cc19a11e5bbbc702393ae6d","https://img.evbuc.com/https%3A%2F%2Fcdn.evbuc.com%2Fimages%2F1194089770%2F3010723267935%2F1%2Foriginal.20260922-111044?crop=focalpoint&fit=crop&w=1024&auto=format%2Ccompress&q=75&sharp=10&fp-x=0.5&fp-y=0.5&s=5f770d8e7cc19a11e5bbbc702393ae6d"
"1791137288-44","https://www.eventbrite.ie/d/ireland--donegal/travel-and-outdoor--events/?page=1","HAUNTED INISHOWEN TOUR","Sat 17 Oct, 14:30 + 9 more","From €59.00","","Londonderry County Borough · Tours of Derry","HAUNTED INISHOWEN TOUR","Save this event: HAUNTED INISHOWEN TOUR","Share this event: HAUNTED INISHOWEN TOUR","Save this event: HAUNTED INISHOWEN TOUR","Share this event: HAUNTED INISHOWEN TOUR","Sat 17 Oct, 14:30 + 9 more","From €59.00","Londonderry County Borough · Tours of Derry","","","","","https://img.evbuc.com/https%3A%2F%2Fcdn.evbuc.com%2Fimages%2F1194684967%2F3000962891232%2F1%2Foriginal.20260930-005208?crop=focalpoint&fit=crop&w=1024&auto=format%2Ccompress&q=75&sharp=10&fp-x=0.5&fp-y=0.5&s=c66140d16b39d9b7498d033182de4dbf","https://img.evbuc.com/https%3A%2F%2Fcdn.evbuc.com%2Fimages%2F1194684967%2F3000962891232%2F1%2Foriginal.20260930-005208?crop=focalpoint&fit=crop&w=1024&auto=format%2Ccompress&q=75&sharp=10&fp-x=0.5&fp-y=0.5&s=c66140d16b39d9b7498d033182de4dbf"
"1791137288-45","https://www.eventbrite.ie/d/ireland--donegal/travel-and-outdoor--events/?page=1","Antrim Rambler Guided Walks: Scalp, Nadaphreagnane & Asdevlin Hill, Donegal","Sat 7 Nov, 11:00","From £20.00","","Donegal · 3H5W+84","Antrim Rambler Guided Walks: Scalp, Nadaphreagnane & Asdevlin Hill, Donegal","Save this event: Antrim Rambler Guided Walks: Scalp, Nadaphreagnane & Asdevlin Hill, Donegal","Share this event: Antrim Rambler Guided Walks: Scalp, Nadaphreagnane & Asdevlin Hill, Donegal","Save this event: Antrim Rambler Guided Walks: Scalp, Nadaphreagnane & Asdevlin Hill, Donegal","Share this event: Antrim Rambler Guided Walks: Scalp, Nadaphreagnane & Asdevlin Hill, Donegal","Sat 7 Nov, 11:00","From £20.00","Donegal · 3H5W+84","The Antrim Rambler","194 followers","","","https://img.evbuc.com/https%3A%2F%2Fcdn.evbuc.com%2Fimages%2F1194277250%2F414759189399%2F1%2Foriginal.20260924-131433?crop=focalpoint&fit=crop&w=640&auto=format%2Ccompress&q=75&sharp=10&fp-x=0.5&fp-y=0.5&s=3d02b21e804d91db9ac1395c600c59ce","https://img.evbuc.com/https%3A%2F%2Fcdn.evbuc.com%2Fimages%2F1194277250%2F414759189399%2F1%2Foriginal.20260924-131433?crop=focalpoint&fit=crop&w=640&auto=format%2Ccompress&q=75&sharp=10&fp-x=0.5&fp-y=0.5&s=3d02b21e804d91db9ac1395c600c59ce"
"1791137288-46","https://www.eventbrite.ie/d/ireland--donegal/travel-and-outdoor--events/?page=1","The Antrim Rambler Guided Walks: Sawel and Dart in the Sperrin Mountains","Sat 24 Oct, 10:30","From £20.00","","Derry · Learmount Resource Centre, Community Centre.","The Antrim Rambler Guided Walks: Sawel and Dart in the Sperrin Mountains","Save this event: The Antrim Rambler Guided Walks: Sawel and Dart in the Sperrin Mountains","Share this event: The Antrim Rambler Guided Walks: Sawel and Dart in the Sperrin Mountains","Save this event: The Antrim Rambler Guided Walks: Sawel and Dart in the Sperrin Mountains","Share this event: The Antrim Rambler Guided Walks: Sawel and Dart in the Sperrin Mountains","Sat 24 Oct, 10:30","From £20.00","Derry · Learmount Resource Centre, Community Centre.","The Antrim Rambler","194 followers","","","https://img.evbuc.com/https%3A%2F%2Fcdn.evbuc.com%2Fimages%2F1175245613%2F414759189399%2F1%2Foriginal.20260119-153334?crop=focalpoint&fit=crop&w=640&auto=format%2Ccompress&q=75&sharp=10&fp-x=0.473&fp-y=0.358&s=a356833f9cc2d385e91b78e8a5cf3171","https://img.evbuc.com/https%3A%2F%2Fcdn.evbuc.com%2Fimages%2F1175245613%2F414759189399%2F1%2Foriginal.20260119-153334?crop=focalpoint&fit=crop&w=640&auto=format%2Ccompress&q=75&sharp=10&fp-x=0.473&fp-y=0.358&s=a356833f9cc2d385e91b78e8a5cf3171"
"1791137288-47","https://www.eventbrite.ie/d/ireland--donegal/travel-and-outdoor--events/?page=1","The Antrim Rambler Guided Walks: The Glenshane Circuit in County Derry","Sat 28 Nov, 10:00","From £20.00","","Limavady · Glenshane Forest","The Antrim Rambler Guided Walks: The Glenshane Circuit in County Derry","Save this event: The Antrim Rambler Guided Walks: The Glenshane Circuit in County Derry","Share this event: The Antrim Rambler Guided Walks: The Glenshane Circuit in County Derry","Save this event: The Antrim Rambler Guided Walks: The Glenshane Circuit in County Derry","Share this event: The Antrim Rambler Guided Walks: The Glenshane Circuit in County Derry","Sat 28 Nov, 10:00","From £20.00","Limavady · Glenshane Forest","The Antrim Rambler","194 followers","","","https://img.evbuc.com/https%3A%2F%2Fcdn.evbuc.com%2Fimages%2F1175245437%2F414759189399%2F1%2Foriginal.20260119-153157?crop=focalpoint&fit=crop&w=640&auto=format%2Ccompress&q=75&sharp=10&fp-x=0.493&fp-y=0.351&s=100f782f1462f02c9646daaf74fd2c61","https://img.evbuc.com/https%3A%2F%2Fcdn.evbuc.com%2Fimages%2F1175245437%2F414759189399%2F1%2Foriginal.20260119-153157?crop=focalpoint&fit=crop&w=640&auto=format%2Ccompress&q=75&sharp=10&fp-x=0.493&fp-y=0.351&s=100f782f1462f02c9646daaf74fd2c61"
"1791137288-48","https://www.eventbrite.ie/d/ireland--donegal/travel-and-outdoor--events/?page=1","The Antrim Rambler Guided Walks: Slieve Gallion in County Derry","Sun 15 Nov, 11:00","From £15.00","","Magherafelt · Iniscarn Forest & Park","The Antrim Rambler Guided Walks: Slieve Gallion in County Derry","Save this event: The Antrim Rambler Guided Walks: Slieve Gallion in County Derry","Share this event: The Antrim Rambler Guided Walks: Slieve Gallion in County Derry","Save this event: The Antrim Rambler Guided Walks: Slieve Gallion in County Derry","Share this event: The Antrim Rambler Guided Walks: Slieve Gallion in County Derry","Sun 15 Nov, 11:00","From £15.00","Magherafelt · Iniscarn Forest & Park","The Antrim Rambler","194 followers","","","https://img.evbuc.com/https%3A%2F%2Fcdn.evbuc.com%2Fimages%2F1194265601%2F414759189399%2F1%2Foriginal.20260924-092924?crop=focalpoint&fit=crop&w=640&auto=format%2Ccompress&q=75&sharp=10&fp-x=0.5&fp-y=0.5&s=b2c4001cafc219ae0250ee5fcda2836b","https://img.evbuc.com/https%3A%2F%2Fcdn.evbuc.com%2Fimages%2F1194265601%2F414759189399%2F1%2Foriginal.20260924-092924?crop=focalpoint&fit=crop&w=640&auto=format%2Ccompress&q=75&sharp=10&fp-x=0.5&fp-y=0.5&s=b2c4001cafc219ae0250ee5fcda2836b"
"1791137288-49","https://www.eventbrite.ie/d/ireland--donegal/travel-and-outdoor--events/?page=1","Wildlife Wander in Cookstown","Sun 18 Oct, 14:00 + 14 more","Free","View 2 similar results","Cookstown · Cabin Wood, Woodland Trust","Wildlife Wander in Cookstown","Save this event: Wildlife Wander in Cookstown","Share this event: Wildlife Wander in Cookstown","Save this event: Wildlife Wander in Cookstown","Share this event: Wildlife Wander in Cookstown","Sun 18 Oct, 14:00 + 14 more","Free","Cookstown · Cabin Wood, Woodland Trust","BTO Northern Ireland","151 followers","","","https://img.evbuc.com/https%3A%2F%2Fcdn.evbuc.com%2Fimages%2F1185997757%2F2822236792241%2F1%2Foriginal.20260602-195219?crop=focalpoint&fit=crop&w=1024&auto=format%2Ccompress&q=75&sharp=10&fp-x=0.027&fp-y=0.481&s=0e3ac8a3b59431ffc66628965d87fb69","https://img.evbuc.com/https%3A%2F%2Fcdn.evbuc.com%2Fimages%2F1185997757%2F2822236792241%2F1%2Foriginal.20260602-195219?crop=focalpoint&fit=crop&w=1024&auto=format%2Ccompress&q=75&sharp=10&fp-x=0.027&fp-y=0.481&s=0e3ac8a3b59431ffc66628965d87fb69"
"1791137288-50","https://www.eventbrite.ie/d/ireland--donegal/travel-and-outdoor--events/?page=1","Teach in Australia & New Zealand - Info Session (Belfast)","Sat 24 Oct, 10:00","From £11.55","","Ballymacarret · The Merchant Hotel","Teach in Australia & New Zealand - Info Session (Belfast)","Save this event: Teach in Australia & New Zealand - Info Session (Belfast)","Share this event: Teach in Australia & New Zealand - Info Session (Belfast)","Save this event: Teach in Australia & New Zealand - Info Session (Belfast)","Share this event: Teach in Australia & New Zealand - Info Session (Belfast)","Sat 24 Oct, 10:00","From £11.55","Ballymacarret · The Merchant Hotel","anzuk education UK","129 followers","","","https://img.evbuc.com/https%3A%2F%2Fcdn.evbuc.com%2Fimages%2F1189376102%2F221607991633%2F1%2Foriginal.20260722-081548?crop=focalpoint&fit=crop&w=1024&auto=format%2Ccompress&q=75&sharp=10&fp-x=0.5&fp-y=0.5&s=d24b68183c0ea51fdd836e093cda8521","https://img.evbuc.com/https%3A%2F%2Fcdn.evbuc.com%2Fimages%2F1189376102%2F221607991633%2F1%2Foriginal.20260722-081548?crop=focalpoint&fit=crop&w=1024&auto=format%2Ccompress&q=75&sharp=10&fp-x=0.5&fp-y=0.5&s=d24b68183c0ea51fdd836e093cda8521"
"1791137288-51","https://www.eventbrite.ie/d/ireland--donegal/travel-and-outdoor--events/?page=1","Falls/Shankill Tour","Friday at 10:00 + 10 more","From £25.00","","Falls Road · Divis Tower","Falls/Shankill Tour","Save this event: Falls/Shankill Tour","Share this event: Falls/Shankill Tour","Save this event: Falls/Shankill Tour","Share this event: Falls/Shankill Tour","Friday at 10:00 + 10 more","From £25.00","Falls Road · Divis Tower","Coiste Irish Political Tours","214 followers","Sales end soon","Sales end soon","https://img.evbuc.com/https%3A%2F%2Fcdn.evbuc.com%2Fimages%2F1024221643%2F446942014176%2F1%2Foriginal.20250506-112529?w=1024&auto=format%2Ccompress&q=75&sharp=10&rect=0%2C0%2C1394%2C697&s=ad727204597fa2a61f16f2e4bcadf9c3","https://img.evbuc.com/https%3A%2F%2Fcdn.evbuc.com%2Fimages%2F1024221643%2F446942014176%2F1%2Foriginal.20250506-112529?w=1024&auto=format%2Ccompress&q=75&sharp=10&rect=0%2C0%2C1394%2C697&s=ad727204597fa2a61f16f2e4bcadf9c3"
"1791137288-52","https://www.eventbrite.ie/d/ireland--donegal/travel-and-outdoor--events/?page=1","How effective are ASSIs and AONBs in Northern Ireland?","Tue 20 Oct, 18:00","From £2.00","","Windsor · Elmwood Building (Geography), School of Natural & Built Environment, Queen's University Belfast","How effective are ASSIs and AONBs in Northern Ireland?","Save this event: How effective are ASSIs and AONBs in Northern Ireland?","Share this event: How effective are ASSIs and AONBs in Northern Ireland?","Save this event: How effective are ASSIs and AONBs in Northern Ireland?","Share this event: How effective are ASSIs and AONBs in Northern Ireland?","Tue 20 Oct, 18:00","From £2.00","Windsor · Elmwood Building (Geography), School of Natural & Built Environment, Queen's University Belfast","Geographical Association (Belfast Branch)","222 followers","","","https://img.evbuc.com/https%3A%2F%2Fcdn.evbuc.com%2Fimages%2F1193246161%2F158797723062%2F1%2Foriginal.20260911-104825?crop=focalpoint&fit=crop&w=1024&auto=format%2Ccompress&q=75&sharp=10&fp-x=0.563&fp-y=0.501&s=c2222afc40873a6d221f69c4a6627398","https://img.evbuc.com/https%3A%2F%2Fcdn.evbuc.com%2Fimages%2F1193246161%2F158797723062%2F1%2Foriginal.20260911-104825?crop=focalpoint&fit=crop&w=1024&auto=format%2Ccompress&q=75&sharp=10&fp-x=0.563&fp-y=0.501&s=c2222afc40873a6d221f69c4a6627398"
"1791137288-53","https://www.eventbrite.ie/d/ireland--donegal/travel-and-outdoor--events/?page=1","The Antrim Rambler Guided Walks:  Carncormick Mountain","Sun 22 Nov, 11:00","From £15.00","","Ballymena · The Glensway Bar","The Antrim Rambler Guided Walks:  Carncormick Mountain","Save this event: The Antrim Rambler Guided Walks:  Carncormick Mountain","Share this event: The Antrim Rambler Guided Walks:  Carncormick Mountain","Save this event: The Antrim Rambler Guided Walks:  Carncormick Mountain","Share this event: The Antrim Rambler Guided Walks:  Carncormick Mountain","Sun 22 Nov, 11:00","From £15.00","Ballymena · The Glensway Bar","The Antrim Rambler","194 followers","","","https://img.evbuc.com/https%3A%2F%2Fcdn.evbuc.com%2Fimages%2F1175237964%2F414759189399%2F1%2Foriginal.20260119-140533?crop=focalpoint&fit=crop&w=640&auto=format%2Ccompress&q=75&sharp=10&fp-x=0.474&fp-y=0.328&s=e053e6f365d7c6f055d8e645712d234e","https://img.evbuc.com/https%3A%2F%2Fcdn.evbuc.com%2Fimages%2F1175237964%2F414759189399%2F1%2Foriginal.20260119-140533?crop=focalpoint&fit=crop&w=640&auto=format%2Ccompress&q=75&sharp=10&fp-x=0.474&fp-y=0.328&s=e053e6f365d7c6f055d8e645712d234e"
"1791137288-54","https://www.eventbrite.ie/d/ireland--donegal/travel-and-outdoor--events/?page=1","The Real Story of Belfast walking tour with a local guide","Tuesday at 10:30 + 245 more","From £20.00","","Windsor · Belfast","The Real Story of Belfast walking tour with a local guide","Save this event: The Real Story of Belfast walking tour with a local guide","Share this event: The Real Story of Belfast walking tour with a local guide","Save this event: The Real Story of Belfast walking tour with a local guide","Share this event: The Real Story of Belfast walking tour with a local guide","Tuesday at 10:30 + 245 more","From £20.00","Windsor · Belfast","","","Sales end soon","Sales end soon","https://img.evbuc.com/https%3A%2F%2Fcdn.evbuc.com%2Fimages%2F1187761452%2F2028723295643%2F1%2Foriginal.20260627-135145?w=1024&auto=format%2Ccompress&q=75&sharp=10&s=ea0a8a50bdffffaa187da9820abf1be3","https://img.evbuc.com/https%3A%2F%2Fcdn.evbuc.com%2Fimages%2F1187761452%2F2028723295643%2F1%2Foriginal.20260627-135145?w=1024&auto=format%2Ccompress&q=75&sharp=10&s=ea0a8a50bdffffaa187da9820abf1be3"
"1791137288-55","https://www.eventbrite.ie/d/ireland--donegal/travel-and-outdoor--events/?page=1","Belfast City ""SEAHORSE AND LINENOPOLIS"" Walking tour","Tomorrow at 10:30 + 67 more","From £40.00","","Windsor · Belfast City Hall","Belfast City ""SEAHORSE AND LINENOPOLIS"" Walking tour","Save this event: Belfast City ""SEAHORSE AND LINENOPOLIS"" Walking tour","Share this event: Belfast City ""SEAHORSE AND LINENOPOLIS"" Walking tour","Save this event: Belfast City ""SEAHORSE AND LINENOPOLIS"" Walking tour","Share this event: Belfast City ""SEAHORSE AND LINENOPOLIS"" Walking tour","Tomorrow at 10:30 + 67 more","From £40.00","Windsor · Belfast City Hall","","","Sales end soon","Sales end soon","https://img.evbuc.com/https%3A%2F%2Fcdn.evbuc.com%2Fimages%2F1191787795%2F2953229245401%2F1%2Foriginal.20260824-191325?crop=focalpoint&fit=crop&w=1024&auto=format%2Ccompress&q=75&sharp=10&fp-x=0.5&fp-y=0.5&s=d584f97c63cd6136d3032d35a0f06262","https://img.evbuc.com/https%3A%2F%2Fcdn.evbuc.com%2Fimages%2F1191787795%2F2953229245401%2F1%2Foriginal.20260824-191325?crop=focalpoint&fit=crop&w=1024&auto=format%2Ccompress&q=75&sharp=10&fp-x=0.5&fp-y=0.5&s=d584f97c63cd6136d3032d35a0f06262"
"1791137288-56","https://www.eventbrite.ie/d/ireland--donegal/travel-and-outdoor--events/?page=1","An Autumn Gathering at Lady Dixon Park - Fundraising for PCRF","Sun 25 Oct, 12:00","From £12.00","","Stranmillis · Belvoir Park Forest","An Autumn Gathering at Lady Dixon Park - Fundraising for PCRF","Save this event: An Autumn Gathering at Lady Dixon Park - Fundraising for PCRF","Share this event: An Autumn Gathering at Lady Dixon Park - Fundraising for PCRF","Save this event: An Autumn Gathering at Lady Dixon Park - Fundraising for PCRF","Share this event: An Autumn Gathering at Lady Dixon Park - Fundraising for PCRF","Sun 25 Oct, 12:00","From £12.00","Stranmillis · Belvoir Park Forest","Feasting On Weeds","149 followers","Almost full","Almost full","https://img.evbuc.com/https%3A%2F%2Fcdn.evbuc.com%2Fimages%2F1191066459%2F86478460233%2F1%2Foriginal.20260814-134758?crop=focalpoint&fit=crop&w=1024&auto=format%2Ccompress&q=75&sharp=10&fp-x=0.174&fp-y=0.441&s=bfd8d8e2487d9b510a211cde29eded98","https://img.evbuc.com/https%3A%2F%2Fcdn.evbuc.com%2Fimages%2F1191066459%2F86478460233%2F1%2Foriginal.20260814-134758?crop=focalpoint&fit=crop&w=1024&auto=format%2Ccompress&q=75&sharp=10&fp-x=0.174&fp-y=0.441&s=bfd8d8e2487d9b510a211cde29eded98"
"1791137288-57","https://www.eventbrite.ie/d/ireland--donegal/travel-and-outdoor--events/?page=1","Fieldwork Skills and techniques, and decision-making, in Geography","Tue 23 Feb, 18:00","From £2.00","","Windsor · Elmwood Building (Geography), School of Natural & Built Environment, Queen's University Belfast","Fieldwork Skills and techniques, and decision-making, in Geography","Save this event: Fieldwork Skills and techniques, and decision-making, in Geography","Share this event: Fieldwork Skills and techniques, and decision-making, in Geography","Save this event: Fieldwork Skills and techniques, and decision-making, in Geography","Share this event: Fieldwork Skills and techniques, and decision-making, in Geography","Tue 23 Feb, 18:00","From £2.00","Windsor · Elmwood Building (Geography), School of Natural & Built Environment, Queen's University Belfast","Geographical Association (Belfast Branch)","222 followers","","","https://img.evbuc.com/https%3A%2F%2Fcdn.evbuc.com%2Fimages%2F1193248409%2F158797723062%2F1%2Foriginal.20260911-112533?crop=focalpoint&fit=crop&w=320&auto=format%2Ccompress&q=75&sharp=10&fp-x=0.5&fp-y=0.5&s=d96c109ab7638b9b426c82799a2c0f39","https://img.evbuc.com/https%3A%2F%2Fcdn.evbuc.com%2Fimages%2F1193248409%2F158797723062%2F1%2Foriginal.20260911-112533?crop=focalpoint&fit=crop&w=320&auto=format%2Ccompress&q=75&sharp=10&fp-x=0.5&fp-y=0.5&s=d96c109ab7638b9b426c82799a2c0f39"
"1791137288-58","https://www.eventbrite.ie/d/ireland--donegal/travel-and-outdoor--events/?page=1","The Antrim Rambler Guided Walks: Crocknacreeva, Timpan and Gruig Top","Sun 1 Nov, 11:00","From £15.00","","Moyle · Orra Bridge","The Antrim Rambler Guided Walks: Crocknacreeva, Timpan and Gruig Top","Save this event: The Antrim Rambler Guided Walks: Crocknacreeva, Timpan and Gruig Top","Share this event: The Antrim Rambler Guided Walks: Crocknacreeva, Timpan and Gruig Top","Save this event: The Antrim Rambler Guided Walks: Crocknacreeva, Timpan and Gruig Top","Share this event: The Antrim Rambler Guided Walks: Crocknacreeva, Timpan and Gruig Top","Sun 1 Nov, 11:00","From £15.00","Moyle · Orra Bridge","The Antrim Rambler","194 followers","","","https://img.evbuc.com/https%3A%2F%2Fcdn.evbuc.com%2Fimages%2F1177929333%2F414759189399%2F1%2Foriginal.20260219-135000?crop=focalpoint&fit=crop&w=640&auto=format%2Ccompress&q=75&sharp=10&fp-x=0.507&fp-y=0.349&s=c119d0564e69ad957173abc3e80de713","https://img.evbuc.com/https%3A%2F%2Fcdn.evbuc.com%2Fimages%2F1177929333%2F414759189399%2F1%2Foriginal.20260219-135000?crop=focalpoint&fit=crop&w=640&auto=format%2Ccompress&q=75&sharp=10&fp-x=0.507&fp-y=0.349&s=c119d0564e69ad957173abc3e80de713"
"1791137288-59","https://www.eventbrite.ie/d/ireland--donegal/travel-and-outdoor--events/?page=1","The Antrim Rambler Guided Walks:The Knocklayd Traverse","Sun 18 Oct, 11:00","From £15.00","","Moyle · Morton's","The Antrim Rambler Guided Walks:The Knocklayd Traverse","Save this event: The Antrim Rambler Guided Walks:The Knocklayd Traverse","Share this event: The Antrim Rambler Guided Walks:The Knocklayd Traverse","Save this event: The Antrim Rambler Guided Walks:The Knocklayd Traverse","Share this event: The Antrim Rambler Guided Walks:The Knocklayd Traverse","Sun 18 Oct, 11:00","From £15.00","Moyle · Morton's","The Antrim Rambler","194 followers","","","https://img.evbuc.com/https%3A%2F%2Fcdn.evbuc.com%2Fimages%2F1175242064%2F414759189399%2F1%2Foriginal.20260119-145333?crop=focalpoint&fit=crop&w=640&auto=format%2Ccompress&q=75&sharp=10&fp-x=0.495&fp-y=0.381&s=4268389ba7d2304dd7beb8472d1190bf","https://img.evbuc.com/https%3A%2F%2Fcdn.evbuc.com%2Fimages%2F1175242064%2F414759189399%2F1%2Foriginal.20260119-145333?crop=focalpoint&fit=crop&w=640&auto=format%2Ccompress&q=75&sharp=10&fp-x=0.495&fp-y=0.381&s=4268389ba7d2304dd7beb8472d1190bf"
"1791137288-60","https://www.eventbrite.ie/d/ireland--donegal/travel-and-outdoor--events/?page=1","A Winter Gathering at Belvoir Forest - Fundraising for PCRF","Sun 29 Nov, 12:00","From £12.00","","Stranmillis · Belvoir Park Forest","A Winter Gathering at Belvoir Forest - Fundraising for PCRF","Save this event: A Winter Gathering at Belvoir Forest - Fundraising for PCRF","Share this event: A Winter Gathering at Belvoir Forest - Fundraising for PCRF","Save this event: A Winter Gathering at Belvoir Forest - Fundraising for PCRF","Share this event: A Winter Gathering at Belvoir Forest - Fundraising for PCRF","Sun 29 Nov, 12:00","From £12.00","Stranmillis · Belvoir Park Forest","Feasting On Weeds","149 followers","","","https://img.evbuc.com/https%3A%2F%2Fcdn.evbuc.com%2Fimages%2F1191066459%2F86478460233%2F1%2Foriginal.20260814-134758?crop=focalpoint&fit=crop&w=1024&auto=format%2Ccompress&q=75&sharp=10&fp-x=0.174&fp-y=0.441&s=bfd8d8e2487d9b510a211cde29eded98","https://img.evbuc.com/https%3A%2F%2Fcdn.evbuc.com%2Fimages%2F1191066459%2F86478460233%2F1%2Foriginal.20260814-134758?crop=focalpoint&fit=crop&w=1024&auto=format%2Ccompress&q=75&sharp=10&fp-x=0.174&fp-y=0.441&s=bfd8d8e2487d9b510a211cde29eded98"
"1791137293-61","https://www.eventbrite.ie/d/ireland--donegal/arts--events/?page=1","Frances Browne Poetry Competition - Awards Evening 2026","Friday at 19:30","From €0.00","","Stranorlar · Kee's Hotel","Frances Browne Poetry Competition - Awards Evening 2026","Save this event: Frances Browne Poetry Competition - Awards Evening 2026","Share this event: Frances Browne Poetry Competition - Awards Evening 2026","Save this event: Frances Browne Poetry Competition - Awards Evening 2026","Share this event: Frances Browne Poetry Competition - Awards Evening 2026","Friday at 19:30","From €0.00","Stranorlar · Kee's Hotel","Frances Browne Literary Festival 2026","16 followers","Selling fast","Selling fast","https://img.evbuc.com/https%3A%2F%2Fcdn.evbuc.com%2Fimages%2F1192640642%2F1768470237993%2F1%2Foriginal.20260904-003025?crop=focalpoint&fit=crop&w=1024&auto=format%2Ccompress&q=75&sharp=10&fp-x=0.795&fp-y=0.505&s=5735ef8db19b631912776a139f358723","https://img.evbuc.com/https%3A%2F%2Fcdn.evbuc.com%2Fimages%2F1192640642%2F1768470237993%2F1%2Foriginal.20260904-003025?crop=focalpoint&fit=crop&w=1024&auto=format%2Ccompress&q=75&sharp=10&fp-x=0.795&fp-y=0.505&s=5735ef8db19b631912776a139f358723"
"1791137293-62","https://www.eventbrite.ie/d/ireland--donegal/arts--events/?page=1","Christmas Candlelight Variety Spectacular","Thu 17 Dec, 19:30","From €74.98","","Stranorlar · Villa Rose Hotel","Christmas Candlelight Variety Spectacular","Save this event: Christmas Candlelight Variety Spectacular","Share this event: Christmas Candlelight Variety Spectacular","Save this event: Christmas Candlelight Variety Spectacular","Share this event: Christmas Candlelight Variety Spectacular","Thu 17 Dec, 19:30","From €74.98","Stranorlar · Villa Rose Hotel","Villa Rose Hotel","176 followers","","","https://img.evbuc.com/https%3A%2F%2Fcdn.evbuc.com%2Fimages%2F1189942212%2F282156980277%2F1%2Foriginal.20260730-082110?crop=focalpoint&fit=crop&w=1024&auto=format%2Ccompress&q=75&sharp=10&fp-x=0.5&fp-y=0.5&s=026894cc8797148a9d0aacf711ff7e96","https://img.evbuc.com/https%3A%2F%2Fcdn.evbuc.com%2Fimages%2F1189942212%2F282156980277%2F1%2Foriginal.20260730-082110?crop=focalpoint&fit=crop&w=1024&auto=format%2Ccompress&q=75&sharp=10&fp-x=0.5&fp-y=0.5&s=026894cc8797148a9d0aacf711ff7e96"
"1791137293-63","https://www.eventbrite.ie/d/ireland--donegal/arts--events/?page=1","Fomhair Festival presents Jamie McIntyre, Dunlewey Theatre, Donegal","Sat 24 Oct, 19:30","From €32.21","","Donegal · Dunlewey Theatre Gweedore","Fomhair Festival presents Jamie McIntyre, Dunlewey Theatre, Donegal","Save this event: Fomhair Festival presents Jamie McIntyre, Dunlewey Theatre, Donegal","Share this event: Fomhair Festival presents Jamie McIntyre, Dunlewey Theatre, Donegal","Save this event: Fomhair Festival presents Jamie McIntyre, Dunlewey Theatre, Donegal","Share this event: Fomhair Festival presents Jamie McIntyre, Dunlewey Theatre, Donegal","Sat 24 Oct, 19:30","From €32.21","Donegal · Dunlewey Theatre Gweedore","ACE Promotions","2.1k followers","","","https://img.evbuc.com/https%3A%2F%2Fcdn.evbuc.com%2Fimages%2F1187829461%2F266639552350%2F1%2Foriginal.20260629-095215?crop=focalpoint&fit=crop&w=640&auto=format%2Ccompress&q=75&sharp=10&fp-x=0.4&fp-y=0.021&s=9cfe43bf5d8ca527682d4e404b8d39dc","https://img.evbuc.com/https%3A%2F%2Fcdn.evbuc.com%2Fimages%2F1187829461%2F266639552350%2F1%2Foriginal.20260629-095215?crop=focalpoint&fit=crop&w=640&auto=format%2Ccompress&q=75&sharp=10&fp-x=0.4&fp-y=0.021&s=9cfe43bf5d8ca527682d4e404b8d39dc"
"1791137293-64","https://www.eventbrite.ie/d/ireland--donegal/arts--events/?page=1","Daredevil Circus Letterkenny","Thursday at 19:00 + 4 more","From €15.99","","Letterkenny · Kiltoy Roundabout","Daredevil Circus Letterkenny","Save this event: Daredevil Circus Letterkenny","Share this event: Daredevil Circus Letterkenny","Save this event: Daredevil Circus Letterkenny","Share this event: Daredevil Circus Letterkenny","Thursday at 19:00 + 4 more","From €15.99","Letterkenny · Kiltoy Roundabout","Daredevil Entertainment","3.3k followers","Sales end soon","Sales end soon","https://img.evbuc.com/https%3A%2F%2Fcdn.evbuc.com%2Fimages%2F1194613271%2F289668226508%2F1%2Foriginal.20260929-100746?crop=focalpoint&fit=crop&w=640&auto=format%2Ccompress&q=75&sharp=10&fp-x=0.5&fp-y=0.5&s=5f14c5e9b3b7cf3121414a3213fb62d8","https://img.evbuc.com/https%3A%2F%2Fcdn.evbuc.com%2Fimages%2F1194613271%2F289668226508%2F1%2Foriginal.20260929-100746?crop=focalpoint&fit=crop&w=640&auto=format%2Ccompress&q=75&sharp=10&fp-x=0.5&fp-y=0.5&s=5f14c5e9b3b7cf3121414a3213fb62d8"
"1791137293-65","https://www.eventbrite.ie/d/ireland--donegal/arts--events/?page=1","Introduction to the Darkroom Workshop","Sat 17 Oct, 10:00","From €240.00","","Manorhamilton · Leitrim Sculpture Centre","Introduction to the Darkroom Workshop","Save this event: Introduction to the Darkroom Workshop","Share this event: Introduction to the Darkroom Workshop","Save this event: Introduction to the Darkroom Workshop","Share this event: Introduction to the Darkroom Workshop","Sat 17 Oct, 10:00","From €240.00","Manorhamilton · Leitrim Sculpture Centre","Leitrim Sculpture Centre","150 followers","Selling fast","Selling fast","https://img.evbuc.com/https%3A%2F%2Fcdn.evbuc.com%2Fimages%2F1002662273%2F29848425573%2F1%2Foriginal.20250407-132545?crop=focalpoint&fit=crop&w=640&auto=format%2Ccompress&q=75&sharp=10&fp-x=0.005&fp-y=0.005&s=b200e5477f252022348799bf4432b146","https://img.evbuc.com/https%3A%2F%2Fcdn.evbuc.com%2Fimages%2F1002662273%2F29848425573%2F1%2Foriginal.20250407-132545?crop=focalpoint&fit=crop&w=640&auto=format%2Ccompress&q=75&sharp=10&fp-x=0.005&fp-y=0.005&s=b200e5477f252022348799bf4432b146"
"1791137293-66","https://www.eventbrite.ie/d/ireland--donegal/arts--events/?page=1","Expanded Glass: Fuse, Flame, Cast Workshop","Fri 20 Nov, 10:00","From €480.00","","Manorhamilton · Leitrim Sculpture Centre","Expanded Glass: Fuse, Flame, Cast Workshop","Save this event: Expanded Glass: Fuse, Flame, Cast Workshop","Share this event: Expanded Glass: Fuse, Flame, Cast Workshop","Save this event: Expanded Glass: Fuse, Flame, Cast Workshop","Share this event: Expanded Glass: Fuse, Flame, Cast Workshop","Fri 20 Nov, 10:00","From €480.00","Manorhamilton · Leitrim Sculpture Centre","Leitrim Sculpture Centre","150 followers","","","https://img.evbuc.com/https%3A%2F%2Fcdn.evbuc.com%2Fimages%2F1185592769%2F29848425573%2F1%2Foriginal.20260528-070441?w=1024&auto=format%2Ccompress&q=75&sharp=10&s=d1309a36a03b5a325cf4f1a56e879b2c","https://img.evbuc.com/https%3A%2F%2Fcdn.evbuc.com%2Fimages%2F1185592769%2F29848425573%2F1%2Foriginal.20260528-070441?w=1024&auto=format%2Ccompress&q=75&sharp=10&s=d1309a36a03b5a325cf4f1a56e879b2c"
"1791137293-67","https://www.eventbrite.ie/d/ireland--donegal/arts--events/?page=1","Creative Recycled Metal Sculpture Workshop","Wed 17 Feb, 10:00","From €360.00","","Manorhamilton · Leitrim Sculpture Centre","Creative Recycled Metal Sculpture Workshop","Save this event: Creative Recycled Metal Sculpture Workshop","Share this event: Creative Recycled Metal Sculpture Workshop","Save this event: Creative Recycled Metal Sculpture Workshop","Share this event: Creative Recycled Metal Sculpture Workshop","Wed 17 Feb, 10:00","From €360.00","Manorhamilton · Leitrim Sculpture Centre","Leitrim Sculpture Centre","150 followers","","","https://img.evbuc.com/https%3A%2F%2Fcdn.evbuc.com%2Fimages%2F1185939912%2F29848425573%2F1%2Foriginal.20260602-074221?crop=focalpoint&fit=crop&w=1024&auto=format%2Ccompress&q=75&sharp=10&fp-x=0.5&fp-y=0.5&s=f4ae03d17ce1fe4c9180a295b2ab89c5","https://img.evbuc.com/https%3A%2F%2Fcdn.evbuc.com%2Fimages%2F1185939912%2F29848425573%2F1%2Foriginal.20260602-074221?crop=focalpoint&fit=crop&w=1024&auto=format%2Ccompress&q=75&sharp=10&fp-x=0.5&fp-y=0.5&s=f4ae03d17ce1fe4c9180a295b2ab89c5"
"1791137293-68","https://www.eventbrite.ie/d/ireland--donegal/arts--events/?page=1","Tanya McCole","Sat 21 Nov, 20:00","From €22.42","","Lifford · The Old Courthouse","Tanya McCole","Save this event: Tanya McCole","Share this event: Tanya McCole","Save this event: Tanya McCole","Share this event: Tanya McCole","Sat 21 Nov, 20:00","From €22.42","Lifford · The Old Courthouse","Lifford Old Courthouse","295 followers","","","https://img.evbuc.com/https%3A%2F%2Fcdn.evbuc.com%2Fimages%2F1179709296%2F821209405293%2F1%2Foriginal.20260312-174326?w=1024&auto=format%2Ccompress&q=75&sharp=10&s=70bd93b4436814506ad638b070ae04e3","https://img.evbuc.com/https%3A%2F%2Fcdn.evbuc.com%2Fimages%2F1179709296%2F821209405293%2F1%2Foriginal.20260312-174326?w=1024&auto=format%2Ccompress&q=75&sharp=10&s=70bd93b4436814506ad638b070ae04e3"
"1791137293-69","https://www.eventbrite.ie/d/ireland--donegal/arts--events/?page=1","RO BOYLE & FRIENDS","Sat 7 Nov, 19:00","From €11.70","","Letterkenny · Mary Kate’s Bar","RO BOYLE & FRIENDS","Save this event: RO BOYLE & FRIENDS","Share this event: RO BOYLE & FRIENDS","Save this event: RO BOYLE & FRIENDS","Share this event: RO BOYLE & FRIENDS","Sat 7 Nov, 19:00","From €11.70","Letterkenny · Mary Kate’s Bar","","","","","https://img.evbuc.com/https%3A%2F%2Fcdn.evbuc.com%2Fimages%2F1193053359%2F519908282561%2F1%2Foriginal.20260909-131424?w=1024&auto=format%2Ccompress&q=75&sharp=10&rect=0%2C59%2C1672%2C836&s=02705385e5e01983e7fb22b8b5ea3325","https://img.evbuc.com/https%3A%2F%2Fcdn.evbuc.com%2Fimages%2F1193053359%2F519908282561%2F1%2Foriginal.20260909-131424?w=1024&auto=format%2Ccompress&q=75&sharp=10&rect=0%2C59%2C1672%2C836&s=02705385e5e01983e7fb22b8b5ea3325"
"1791137293-70","https://www.eventbrite.ie/d/ireland--donegal/arts--events/?page=1","Ro Boyle On Tour 'SHOWED UP ' Joe's Bar Strabane","Friday at 19:00","From £13.70","","Strabane · Joes Bar","Ro Boyle On Tour 'SHOWED UP ' Joe's Bar Strabane","Save this event: Ro Boyle On Tour 'SHOWED UP ' Joe's Bar Strabane","Share this event: Ro Boyle On Tour 'SHOWED UP ' Joe's Bar Strabane","Save this event: Ro Boyle On Tour 'SHOWED UP ' Joe's Bar Strabane","Share this event: Ro Boyle On Tour 'SHOWED UP ' Joe's Bar Strabane","Friday at 19:00","From £13.70","Strabane · Joes Bar","RONAN BOYLE","458 followers","Almost full","Almost full","https://img.evbuc.com/https%3A%2F%2Fcdn.evbuc.com%2Fimages%2F1179814090%2F362954660473%2F1%2Foriginal.20260313-211206?w=1024&auto=format%2Ccompress&q=75&sharp=10&rect=1%2C376%2C1079%2C540&s=7cc23ea573417b7bbeec801dc666ad02","https://img.evbuc.com/https%3A%2F%2Fcdn.evbuc.com%2Fimages%2F1179814090%2F362954660473%2F1%2Foriginal.20260313-211206?w=1024&auto=format%2Ccompress&q=75&sharp=10&rect=1%2C376%2C1079%2C540&s=7cc23ea573417b7bbeec801dc666ad02"
"1791137293-71","https://www.eventbrite.ie/d/ireland--donegal/arts--events/?page=1","Introduction to Etching Workshop","Fri 12 Mar, 10:00","From €240.00","","Manorhamilton · Leitrim Sculpture Centre","Introduction to Etching Workshop","Save this event: Introduction to Etching Workshop","Share this event: Introduction to Etching Workshop","Save this event: Introduction to Etching Workshop","Share this event: Introduction to Etching Workshop","Fri 12 Mar, 10:00","From €240.00","Manorhamilton · Leitrim Sculpture Centre","Leitrim Sculpture Centre","150 followers","","","https://img.evbuc.com/https%3A%2F%2Fcdn.evbuc.com%2Fimages%2F1185612537%2F29848425573%2F1%2Foriginal.20260528-133207?crop=focalpoint&fit=crop&w=1024&auto=format%2Ccompress&q=75&sharp=10&fp-x=0.5&fp-y=0.5&s=980737690dae95302bfffa59706c8ae8","https://img.evbuc.com/https%3A%2F%2Fcdn.evbuc.com%2Fimages%2F1185612537%2F29848425573%2F1%2Foriginal.20260528-133207?crop=focalpoint&fit=crop&w=1024&auto=format%2Ccompress&q=75&sharp=10&fp-x=0.5&fp-y=0.5&s=980737690dae95302bfffa59706c8ae8"
"1791137293-72","https://www.eventbrite.ie/d/ireland--donegal/arts--events/?page=1","John Colleary presents THE SKETCH PISTOLS","Sat 24 Oct, 20:00","From €17.07","","Sligo · Ellens Pub","John Colleary presents THE SKETCH PISTOLS","Save this event: John Colleary presents THE SKETCH PISTOLS","Share this event: John Colleary presents THE SKETCH PISTOLS","Save this event: John Colleary presents THE SKETCH PISTOLS","Share this event: John Colleary presents THE SKETCH PISTOLS","Sat 24 Oct, 20:00","From €17.07","Sligo · Ellens Pub","","","","","https://img.evbuc.com/https%3A%2F%2Fcdn.evbuc.com%2Fimages%2F1191705538%2F997238674703%2F1%2Foriginal.20260823-175810?crop=focalpoint&fit=crop&w=320&auto=format%2Ccompress&q=75&sharp=10&fp-x=0.5&fp-y=0.5&s=7e6344e768115c12f22be285e9490361","https://img.evbuc.com/https%3A%2F%2Fcdn.evbuc.com%2Fimages%2F1191705538%2F997238674703%2F1%2Foriginal.20260823-175810?crop=focalpoint&fit=crop&w=320&auto=format%2Ccompress&q=75&sharp=10&fp-x=0.5&fp-y=0.5&s=7e6344e768115c12f22be285e9490361"
"1791137293-73","https://www.eventbrite.ie/d/ireland--donegal/arts--events/?page=1","PADDY RAFF AT JOES BAR","Thu 29 Oct, 19:30","From £15.00","","Strabane · Joes Bar","PADDY RAFF AT JOES BAR","Save this event: PADDY RAFF AT JOES BAR","Share this event: PADDY RAFF AT JOES BAR","Save this event: PADDY RAFF AT JOES BAR","Share this event: PADDY RAFF AT JOES BAR","Thu 29 Oct, 19:30","From £15.00","Strabane · Joes Bar","RONAN BOYLE","458 followers","","","https://img.evbuc.com/https%3A%2F%2Fcdn.evbuc.com%2Fimages%2F1192834310%2F362954660473%2F1%2Foriginal.20260906-201604?w=1024&auto=format%2Ccompress&q=75&sharp=10&rect=0%2C623%2C1080%2C540&s=b7c4921dc1ff5fa2ea43be9a06cc8fb3","https://img.evbuc.com/https%3A%2F%2Fcdn.evbuc.com%2Fimages%2F1192834310%2F362954660473%2F1%2Foriginal.20260906-201604?w=1024&auto=format%2Ccompress&q=75&sharp=10&rect=0%2C623%2C1080%2C540&s=b7c4921dc1ff5fa2ea43be9a06cc8fb3"
"1791137293-74","https://www.eventbrite.ie/d/ireland--donegal/arts--events/?page=1","Mother Courage and her Children by Bertolt Brecht","Mon 19 Oct, 20:00 + 4 more","From €20.28","","Sligo · The Factory Performance Space","Mother Courage and her Children by Bertolt Brecht","Save this event: Mother Courage and her Children by Bertolt Brecht","Share this event: Mother Courage and her Children by Bertolt Brecht","Save this event: Mother Courage and her Children by Bertolt Brecht","Share this event: Mother Courage and her Children by Bertolt Brecht","Mon 19 Oct, 20:00 + 4 more","From €20.28","Sligo · The Factory Performance Space","Blue Raincoat Theatre Company","255 followers","","","https://img.evbuc.com/https%3A%2F%2Fcdn.evbuc.com%2Fimages%2F1192868923%2F376106771275%2F1%2Foriginal.20260907-103152?crop=focalpoint&fit=crop&w=1024&auto=format%2Ccompress&q=75&sharp=10&fp-x=0.159&fp-y=0.287&s=dc210eed6fe3863db1bab01232ba38b6","https://img.evbuc.com/https%3A%2F%2Fcdn.evbuc.com%2Fimages%2F1192868923%2F376106771275%2F1%2Foriginal.20260907-103152?crop=focalpoint&fit=crop&w=1024&auto=format%2Ccompress&q=75&sharp=10&fp-x=0.159&fp-y=0.287&s=dc210eed6fe3863db1bab01232ba38b6"
"1791137293-75","https://www.eventbrite.ie/d/ireland--donegal/arts--events/?page=1","Active Bystander Training for Artists, Creatives & Arts Workers","Tue 10 Nov, 10:00","From €10.00","","Donegal · An Gailearaí","Active Bystander Training for Artists, Creatives & Arts Workers","Save this event: Active Bystander Training for Artists, Creatives & Arts Workers","Share this event: Active Bystander Training for Artists, Creatives & Arts Workers","Save this event: Active Bystander Training for Artists, Creatives & Arts Workers","Share this event: Active Bystander Training for Artists, Creatives & Arts Workers","Tue 10 Nov, 10:00","From €10.00","Donegal · An Gailearaí","Safe to Create / Irish Theatre Institute","115 followers","","","https://img.evbuc.com/https%3A%2F%2Fcdn.evbuc.com%2Fimages%2F1192482134%2F1307450966003%2F1%2Foriginal.20260902-153645?w=1024&auto=format%2Ccompress&q=75&sharp=10&s=3eca526ca3b544f5c8df0e665fbcd39e","https://img.evbuc.com/https%3A%2F%2Fcdn.evbuc.com%2Fimages%2F1192482134%2F1307450966003%2F1%2Foriginal.20260902-153645?w=1024&auto=format%2Ccompress&q=75&sharp=10&s=3eca526ca3b544f5c8df0e665fbcd39e"
"1791137293-76","https://www.eventbrite.ie/d/ireland--donegal/arts--events/?page=1","The Ballad Of Reading Goal","Sat 17 Oct, 14:15","From €22.42","","Enniskillen · Enniskillen Castle, the Barracks Store","The Ballad Of Reading Goal","Save this event: The Ballad Of Reading Goal","Share this event: The Ballad Of Reading Goal","Save this event: The Ballad Of Reading Goal","Share this event: The Ballad Of Reading Goal","Sat 17 Oct, 14:15","From €22.42","Enniskillen · Enniskillen Castle, the Barracks Store","","","","","https://img.evbuc.com/https%3A%2F%2Fcdn.evbuc.com%2Fimages%2F1192286400%2F2599044416011%2F1%2Foriginal.20260831-161541?crop=focalpoint&fit=crop&w=1024&auto=format%2Ccompress&q=75&sharp=10&fp-x=0.444&fp-y=0.493&s=eab0c55cbc0e6caa79d19d0a5ecfcc03","https://img.evbuc.com/https%3A%2F%2Fcdn.evbuc.com%2Fimages%2F1192286400%2F2599044416011%2F1%2Foriginal.20260831-161541?crop=focalpoint&fit=crop&w=1024&auto=format%2Ccompress&q=75&sharp=10&fp-x=0.444&fp-y=0.493&s=eab0c55cbc0e6caa79d19d0a5ecfcc03"
"1791137293-77","https://www.eventbrite.ie/d/ireland--donegal/arts--events/?page=1","SLIGO- Megan McKay is a ""Loveable Chancer""","Tue 20 Oct, 19:00","From £6.13","","Sligo · Lillie's Cocktail Bar Sligo","SLIGO- Megan McKay is a ""Loveable Chancer""","Save this event: SLIGO- Megan McKay is a ""Loveable Chancer""","Share this event: SLIGO- Megan McKay is a ""Loveable Chancer""","Save this event: SLIGO- Megan McKay is a ""Loveable Chancer""","Share this event: SLIGO- Megan McKay is a ""Loveable Chancer""","Tue 20 Oct, 19:00","From £6.13","Sligo · Lillie's Cocktail Bar Sligo","Megan Mckay","17 followers","","","https://img.evbuc.com/https%3A%2F%2Fcdn.evbuc.com%2Fimages%2F1191185224%2F2999011640423%2F1%2Foriginal.20260816-162754?w=1024&auto=format%2Ccompress&q=75&sharp=10&s=8ddd28125418841fd4c7a89c4ece8bdc","https://img.evbuc.com/https%3A%2F%2Fcdn.evbuc.com%2Fimages%2F1191185224%2F2999011640423%2F1%2Foriginal.20260816-162754?w=1024&auto=format%2Ccompress&q=75&sharp=10&s=8ddd28125418841fd4c7a89c4ece8bdc"
"1791137293-78","https://www.eventbrite.ie/d/ireland--donegal/arts--events/?page=1","Mamma Mia  - The Live Experience.  The Social, Gweedore Donegal","Sat 19 Dec, 18:00","From £27.80","","Donegal · The Social","Mamma Mia  - The Live Experience.  The Social, Gweedore Donegal","Save this event: Mamma Mia  - The Live Experience.  The Social, Gweedore Donegal","Share this event: Mamma Mia  - The Live Experience.  The Social, Gweedore Donegal","Save this event: Mamma Mia  - The Live Experience.  The Social, Gweedore Donegal","Share this event: Mamma Mia  - The Live Experience.  The Social, Gweedore Donegal","Sat 19 Dec, 18:00","From £27.80","Donegal · The Social","DAY PARTY HQ","185 followers","","","https://img.evbuc.com/https%3A%2F%2Fcdn.evbuc.com%2Fimages%2F1188617021%2F2984351325581%2F1%2Foriginal.20260710-153504?crop=focalpoint&fit=crop&w=1024&auto=format%2Ccompress&q=75&sharp=10&fp-x=0.133&fp-y=0.513&s=38b691cb925417cf7ac465537007f776","https://img.evbuc.com/https%3A%2F%2Fcdn.evbuc.com%2Fimages%2F1188617021%2F2984351325581%2F1%2Foriginal.20260710-153504?crop=focalpoint&fit=crop&w=1024&auto=format%2Ccompress&q=75&sharp=10&fp-x=0.133&fp-y=0.513&s=38b691cb925417cf7ac465537007f776"
"1791137293-79","https://www.eventbrite.ie/d/ireland--donegal/arts--events/?page=1","OMAGH-Megan McKay is a ""Loveable Chancer""","Sat 24 Oct, 19:00","From £6.13","","Omagh · Bogan's Bar","OMAGH-Megan McKay is a ""Loveable Chancer""","Save this event: OMAGH-Megan McKay is a ""Loveable Chancer""","Share this event: OMAGH-Megan McKay is a ""Loveable Chancer""","Save this event: OMAGH-Megan McKay is a ""Loveable Chancer""","Share this event: OMAGH-Megan McKay is a ""Loveable Chancer""","Sat 24 Oct, 19:00","From £6.13","Omagh · Bogan's Bar","Megan Mckay","17 followers","","","https://img.evbuc.com/https%3A%2F%2Fcdn.evbuc.com%2Fimages%2F1191185556%2F2999011640423%2F1%2Foriginal.20260816-163535?crop=focalpoint&fit=crop&w=1024&auto=format%2Ccompress&q=75&sharp=10&fp-x=0.479&fp-y=0.057&s=95e2b2a9027a53cd874685cc623a96a7","https://img.evbuc.com/https%3A%2F%2Fcdn.evbuc.com%2Fimages%2F1191185556%2F2999011640423%2F1%2Foriginal.20260816-163535?crop=focalpoint&fit=crop&w=1024&auto=format%2Ccompress&q=75&sharp=10&fp-x=0.479&fp-y=0.057&s=95e2b2a9027a53cd874685cc623a96a7"
"1791137293-80","https://www.eventbrite.ie/d/ireland--donegal/arts--events/?page=1","Fintan Harvey FLIGHTMARES Strabane","Fri 13 Nov, 20:00","From £16.96","","Strabane · Joes Bar","Fintan Harvey FLIGHTMARES Strabane","Save this event: Fintan Harvey FLIGHTMARES Strabane","Share this event: Fintan Harvey FLIGHTMARES Strabane","Save this event: Fintan Harvey FLIGHTMARES Strabane","Share this event: Fintan Harvey FLIGHTMARES Strabane","Fri 13 Nov, 20:00","From £16.96","Strabane · Joes Bar","Fintan Harvey","219 followers","","","https://img.evbuc.com/https%3A%2F%2Fcdn.evbuc.com%2Fimages%2F1184380929%2F523061688963%2F1%2Foriginal.20260512-101825?w=1024&auto=format%2Ccompress&q=75&sharp=10&rect=0%2C540%2C1080%2C540&s=3c511dd0fee69956d40a772898377a2a","https://img.evbuc.com/https%3A%2F%2Fcdn.evbuc.com%2Fimages%2F1184380929%2F523061688963%2F1%2Foriginal.20260512-101825?w=1024&auto=format%2Ccompress&q=75&sharp=10&rect=0%2C540%2C1080%2C540&s=3c511dd0fee69956d40a772898377a2a"
"1791137299-81","https://www.eventbrite.ie/d/ireland--donegal/hobbies--events/?page=1","Foxhall Mega Whist","Mon 26 Oct, 19:00","From €11.70","","Donegal · Foxhall Community Hall","Foxhall Mega Whist","Save this event: Foxhall Mega Whist","Share this event: Foxhall Mega Whist","Save this event: Foxhall Mega Whist","Share this event: Foxhall Mega Whist","Mon 26 Oct, 19:00","From €11.70","Donegal · Foxhall Community Hall","","","","","https://img.evbuc.com/https%3A%2F%2Fcdn.evbuc.com%2Fimages%2F1193774311%2F1554891469223%2F1%2Foriginal.png?w=640&auto=format%2Ccompress&q=75&sharp=10&rect=0%2C0%2C940%2C470&s=cd118fd4390457af3da362473f299605","https://img.evbuc.com/https%3A%2F%2Fcdn.evbuc.com%2Fimages%2F1193774311%2F1554891469223%2F1%2Foriginal.png?w=640&auto=format%2Ccompress&q=75&sharp=10&rect=0%2C0%2C940%2C470&s=cd118fd4390457af3da362473f299605"
"1791137299-82","https://www.eventbrite.ie/d/ireland--donegal/hobbies--events/?page=1","Ladies DIY Skills Class – Sligo","Saturday at 10:00","From €100.00","","Sligo · Clayton Hotel Sligo","Ladies DIY Skills Class – Sligo","Save this event: Ladies DIY Skills Class – Sligo","Share this event: Ladies DIY Skills Class – Sligo","Save this event: Ladies DIY Skills Class – Sligo","Share this event: Ladies DIY Skills Class – Sligo","Saturday at 10:00","From €100.00","Sligo · Clayton Hotel Sligo","","","Almost full","Almost full","https://img.evbuc.com/https%3A%2F%2Fcdn.evbuc.com%2Fimages%2F1186976615%2F2984641523848%2F1%2Foriginal.20260615-215016?crop=focalpoint&fit=crop&w=1024&auto=format%2Ccompress&q=75&sharp=10&fp-x=0.369&fp-y=0.537&s=72f913cdb83828ac6d3de5b3071f13b9","https://img.evbuc.com/https%3A%2F%2Fcdn.evbuc.com%2Fimages%2F1186976615%2F2984641523848%2F1%2Foriginal.20260615-215016?crop=focalpoint&fit=crop&w=1024&auto=format%2Ccompress&q=75&sharp=10&fp-x=0.369&fp-y=0.537&s=72f913cdb83828ac6d3de5b3071f13b9"
"1791137299-83","https://www.eventbrite.ie/d/ireland--donegal/hobbies--events/?page=1","Futurum: Ecoprinting with Malú Colorín for irish Design Week","Wed 11 Nov, 16:00","From €11.70","","Collooney · Ard Voltas Art Space","Futurum: Ecoprinting with Malú Colorín for irish Design Week","Save this event: Futurum: Ecoprinting with Malú Colorín for irish Design Week","Share this event: Futurum: Ecoprinting with Malú Colorín for irish Design Week","Save this event: Futurum: Ecoprinting with Malú Colorín for irish Design Week","Share this event: Futurum: Ecoprinting with Malú Colorín for irish Design Week","Wed 11 Nov, 16:00","From €11.70","Collooney · Ard Voltas Art Space","Queer Shed Sligo","24 followers","","","https://img.evbuc.com/https%3A%2F%2Fcdn.evbuc.com%2Fimages%2F1194630684%2F2948232944411%2F1%2Foriginal.20260929-143616?crop=focalpoint&fit=crop&w=1024&auto=format%2Ccompress&q=75&sharp=10&fp-x=0.337&fp-y=0.131&s=dc65b120f3c305cd459391863574c9e0","https://img.evbuc.com/https%3A%2F%2Fcdn.evbuc.com%2Fimages%2F1194630684%2F2948232944411%2F1%2Foriginal.20260929-143616?crop=focalpoint&fit=crop&w=1024&auto=format%2Ccompress&q=75&sharp=10&fp-x=0.337&fp-y=0.131&s=dc65b120f3c305cd459391863574c9e0"
"1791137299-84","https://www.eventbrite.ie/d/ireland--donegal/hobbies--events/?page=1","Futurum: 3D clay printing with Bettina Seitz and Stuart Lawn for IDW","Tue 10 Nov, 15:00","From €11.70","","Collooney · Ard Voltas Art Space","Futurum: 3D clay printing with Bettina Seitz and Stuart Lawn for IDW","Save this event: Futurum: 3D clay printing with Bettina Seitz and Stuart Lawn for IDW","Share this event: Futurum: 3D clay printing with Bettina Seitz and Stuart Lawn for IDW","Save this event: Futurum: 3D clay printing with Bettina Seitz and Stuart Lawn for IDW","Share this event: Futurum: 3D clay printing with Bettina Seitz and Stuart Lawn for IDW","Tue 10 Nov, 15:00","From €11.70","Collooney · Ard Voltas Art Space","Queer Shed Sligo","24 followers","","","https://img.evbuc.com/https%3A%2F%2Fcdn.evbuc.com%2Fimages%2F1194632477%2F2948232944411%2F1%2Foriginal.20260929-145450?crop=focalpoint&fit=crop&w=640&auto=format%2Ccompress&q=75&sharp=10&fp-x=0.5&fp-y=0.5&s=dcfc7989829dd3797ecf03faa43111d7","https://img.evbuc.com/https%3A%2F%2Fcdn.evbuc.com%2Fimages%2F1194632477%2F2948232944411%2F1%2Foriginal.20260929-145450?crop=focalpoint&fit=crop&w=640&auto=format%2Ccompress&q=75&sharp=10&fp-x=0.5&fp-y=0.5&s=dcfc7989829dd3797ecf03faa43111d7"
"1791137299-85","https://www.eventbrite.ie/d/ireland--donegal/hobbies--events/?page=1","North West Card Club - Derry/L'Derry","Sun 18 Oct, 11:00","From £0.00","","Londonderry County Borough · Maldron Hotel Derry","North West Card Club - Derry/L'Derry","Save this event: North West Card Club - Derry/L'Derry","Share this event: North West Card Club - Derry/L'Derry","Save this event: North West Card Club - Derry/L'Derry","Share this event: North West Card Club - Derry/L'Derry","Sun 18 Oct, 11:00","From £0.00","Londonderry County Borough · Maldron Hotel Derry","North West Card Club","33 followers","","","https://img.evbuc.com/https%3A%2F%2Fcdn.evbuc.com%2Fimages%2F1194512441%2F3005534128459%2F1%2Foriginal.20260928-124004?crop=focalpoint&fit=crop&w=1024&auto=format%2Ccompress&q=75&sharp=10&fp-x=0.5&fp-y=0.5&s=49f4bb6f7d083e896cc51639f38d61b5","https://img.evbuc.com/https%3A%2F%2Fcdn.evbuc.com%2Fimages%2F1194512441%2F3005534128459%2F1%2Foriginal.20260928-124004?crop=focalpoint&fit=crop&w=1024&auto=format%2Ccompress&q=75&sharp=10&fp-x=0.5&fp-y=0.5&s=49f4bb6f7d083e896cc51639f38d61b5"
"1791137299-86","https://www.eventbrite.ie/d/ireland--donegal/hobbies--events/?page=1","Halloween Camp, Drumshanbo, 5-12 yrs, Thu 29th & Fri 30th Oct, 10am-2pm.","Thu 29 Oct, 10:00","From €30.00","","Leitrim · THE MAYFLOWER COMMUNITY CENTRE","Halloween Camp, Drumshanbo, 5-12 yrs, Thu 29th & Fri 30th Oct, 10am-2pm.","Save this event: Halloween Camp, Drumshanbo, 5-12 yrs, Thu 29th & Fri 30th Oct, 10am-2pm.","Share this event: Halloween Camp, Drumshanbo, 5-12 yrs, Thu 29th & Fri 30th Oct, 10am-2pm.","Save this event: Halloween Camp, Drumshanbo, 5-12 yrs, Thu 29th & Fri 30th Oct, 10am-2pm.","Share this event: Halloween Camp, Drumshanbo, 5-12 yrs, Thu 29th & Fri 30th Oct, 10am-2pm.","Thu 29 Oct, 10:00","From €30.00","Leitrim · THE MAYFLOWER COMMUNITY CENTRE","Leitrim School of Art","844 followers","","","https://img.evbuc.com/https%3A%2F%2Fcdn.evbuc.com%2Fimages%2F1192979364%2F410379563125%2F1%2Foriginal.20260908-155808?crop=focalpoint&fit=crop&w=640&auto=format%2Ccompress&q=75&sharp=10&fp-x=0.5&fp-y=0.5&s=1055a1c690c96082c2f7e4a06cafb840","https://img.evbuc.com/https%3A%2F%2Fcdn.evbuc.com%2Fimages%2F1192979364%2F410379563125%2F1%2Foriginal.20260908-155808?crop=focalpoint&fit=crop&w=640&auto=format%2Ccompress&q=75&sharp=10&fp-x=0.5&fp-y=0.5&s=1055a1c690c96082c2f7e4a06cafb840"
"1791137299-87","https://www.eventbrite.ie/d/ireland--donegal/hobbies--events/?page=1","Jewellery for Beginners Workshop, Sat 17th Oct 2026, 10am-3pm","Sat 17 Oct, 10:00","From €30.00","","Leitrim · Leitrim School of Art  N41 E8H0","Jewellery for Beginners Workshop, Sat 17th Oct 2026, 10am-3pm","Save this event: Jewellery for Beginners Workshop, Sat 17th Oct 2026, 10am-3pm","Share this event: Jewellery for Beginners Workshop, Sat 17th Oct 2026, 10am-3pm","Save this event: Jewellery for Beginners Workshop, Sat 17th Oct 2026, 10am-3pm","Share this event: Jewellery for Beginners Workshop, Sat 17th Oct 2026, 10am-3pm","Sat 17 Oct, 10:00","From €30.00","Leitrim · Leitrim School of Art  N41 E8H0","Leitrim School of Art","844 followers","Almost full","Almost full","https://img.evbuc.com/https%3A%2F%2Fcdn.evbuc.com%2Fimages%2F1190806357%2F410379563125%2F1%2Foriginal.20260811-152325?crop=focalpoint&fit=crop&w=640&auto=format%2Ccompress&q=75&sharp=10&fp-x=0.5&fp-y=0.5&s=8c75a8abdbe38a0506e1605fae8567f7","https://img.evbuc.com/https%3A%2F%2Fcdn.evbuc.com%2Fimages%2F1190806357%2F410379563125%2F1%2Foriginal.20260811-152325?crop=focalpoint&fit=crop&w=640&auto=format%2Ccompress&q=75&sharp=10&fp-x=0.5&fp-y=0.5&s=8c75a8abdbe38a0506e1605fae8567f7"
"1791137299-88","https://www.eventbrite.ie/d/ireland--donegal/hobbies--events/?page=1","Quiltmaking Workshop, Sat 17th Oct 2026, 10am-4pm","Sat 17 Oct, 10:00","From €30.00","","Leitrim · Leitrim School of Art  N41 E8H0","Quiltmaking Workshop, Sat 17th Oct 2026, 10am-4pm","Save this event: Quiltmaking Workshop, Sat 17th Oct 2026, 10am-4pm","Share this event: Quiltmaking Workshop, Sat 17th Oct 2026, 10am-4pm","Save this event: Quiltmaking Workshop, Sat 17th Oct 2026, 10am-4pm","Share this event: Quiltmaking Workshop, Sat 17th Oct 2026, 10am-4pm","Sat 17 Oct, 10:00","From €30.00","Leitrim · Leitrim School of Art  N41 E8H0","Leitrim School of Art","844 followers","Selling fast","Selling fast","https://img.evbuc.com/https%3A%2F%2Fcdn.evbuc.com%2Fimages%2F1184045395%2F410379563125%2F1%2Foriginal.20260507-181034?crop=focalpoint&fit=crop&w=640&auto=format%2Ccompress&q=75&sharp=10&fp-x=0.5&fp-y=0.5&s=76fd553314086953467c11b4af38e05f","https://img.evbuc.com/https%3A%2F%2Fcdn.evbuc.com%2Fimages%2F1184045395%2F410379563125%2F1%2Foriginal.20260507-181034?crop=focalpoint&fit=crop&w=640&auto=format%2Ccompress&q=75&sharp=10&fp-x=0.5&fp-y=0.5&s=76fd553314086953467c11b4af38e05f"
"1791137299-89","https://www.eventbrite.ie/d/ireland--donegal/hobbies--events/?page=1","Halloween Camp, Ballinamore, 5-12 yrs, Tue 27th & Wed 28th Oct, 10am-2pm.","Tue 27 Oct, 10:00","From €30.00","","Leitrim · Leitrim School of Art N41 E8HO","Halloween Camp, Ballinamore, 5-12 yrs, Tue 27th & Wed 28th Oct, 10am-2pm.","Save this event: Halloween Camp, Ballinamore, 5-12 yrs, Tue 27th & Wed 28th Oct, 10am-2pm.","Share this event: Halloween Camp, Ballinamore, 5-12 yrs, Tue 27th & Wed 28th Oct, 10am-2pm.","Save this event: Halloween Camp, Ballinamore, 5-12 yrs, Tue 27th & Wed 28th Oct, 10am-2pm.","Share this event: Halloween Camp, Ballinamore, 5-12 yrs, Tue 27th & Wed 28th Oct, 10am-2pm.","Tue 27 Oct, 10:00","From €30.00","Leitrim · Leitrim School of Art N41 E8HO","Leitrim School of Art","844 followers","","","https://img.evbuc.com/https%3A%2F%2Fcdn.evbuc.com%2Fimages%2F1193897553%2F410379563125%2F1%2Foriginal.20260919-103232?crop=focalpoint&fit=crop&w=640&auto=format%2Ccompress&q=75&sharp=10&fp-x=0.5&fp-y=0.5&s=094d5b18d231bf3792b8572dd2ec56fd","https://img.evbuc.com/https%3A%2F%2Fcdn.evbuc.com%2Fimages%2F1193897553%2F410379563125%2F1%2Foriginal.20260919-103232?crop=focalpoint&fit=crop&w=640&auto=format%2Ccompress&q=75&sharp=10&fp-x=0.5&fp-y=0.5&s=094d5b18d231bf3792b8572dd2ec56fd"
"1791137299-90","https://www.eventbrite.ie/d/ireland--donegal/hobbies--events/?page=1","Willow Basket Weaving, (Skib Basket), Sun 15th Nov, 10:30am","Sun 15 Nov, 10:30","From €30.00","","Leitrim · Leitrim School of Art N41 E8H0","Willow Basket Weaving, (Skib Basket), Sun 15th Nov, 10:30am","Save this event: Willow Basket Weaving, (Skib Basket), Sun 15th Nov, 10:30am","Share this event: Willow Basket Weaving, (Skib Basket), Sun 15th Nov, 10:30am","Save this event: Willow Basket Weaving, (Skib Basket), Sun 15th Nov, 10:30am","Share this event: Willow Basket Weaving, (Skib Basket), Sun 15th Nov, 10:30am","Sun 15 Nov, 10:30","From €30.00","Leitrim · Leitrim School of Art N41 E8H0","Leitrim School of Art","844 followers","Almost full","Almost full","https://img.evbuc.com/https%3A%2F%2Fcdn.evbuc.com%2Fimages%2F1192294892%2F410379563125%2F1%2Foriginal.20260831-174836?crop=focalpoint&fit=crop&w=640&auto=format%2Ccompress&q=75&sharp=10&fp-x=0.5&fp-y=0.5&s=14fdeb0fc2cfe0cd6c838575bfbc1027","https://img.evbuc.com/https%3A%2F%2Fcdn.evbuc.com%2Fimages%2F1192294892%2F410379563125%2F1%2Foriginal.20260831-174836?crop=focalpoint&fit=crop&w=640&auto=format%2Ccompress&q=75&sharp=10&fp-x=0.5&fp-y=0.5&s=14fdeb0fc2cfe0cd6c838575bfbc1027"
"1791137299-91","https://www.eventbrite.ie/d/ireland--donegal/hobbies--events/?page=1","Digital Photography for Beginners  Part 1, Sun  18th Oct, 2026, 10am-4pm","Sun 18 Oct, 10:00","From €30.00","","Leitrim · Leitrim School of Art N41 E8H0","Digital Photography for Beginners  Part 1, Sun  18th Oct, 2026, 10am-4pm","Save this event: Digital Photography for Beginners  Part 1, Sun  18th Oct, 2026, 10am-4pm","Share this event: Digital Photography for Beginners  Part 1, Sun  18th Oct, 2026, 10am-4pm","Save this event: Digital Photography for Beginners  Part 1, Sun  18th Oct, 2026, 10am-4pm","Share this event: Digital Photography for Beginners  Part 1, Sun  18th Oct, 2026, 10am-4pm","Sun 18 Oct, 10:00","From €30.00","Leitrim · Leitrim School of Art N41 E8H0","Leitrim School of Art","844 followers","","","https://img.evbuc.com/https%3A%2F%2Fcdn.evbuc.com%2Fimages%2F1190808399%2F410379563125%2F1%2Foriginal.20260811-154453?crop=focalpoint&fit=crop&w=640&auto=format%2Ccompress&q=75&sharp=10&fp-x=0.5&fp-y=0.5&s=5ea75aca52da735ab0225737af93623e","https://img.evbuc.com/https%3A%2F%2Fcdn.evbuc.com%2Fimages%2F1190808399%2F410379563125%2F1%2Foriginal.20260811-154453?crop=focalpoint&fit=crop&w=640&auto=format%2Ccompress&q=75&sharp=10&fp-x=0.5&fp-y=0.5&s=5ea75aca52da735ab0225737af93623e"
"1791137299-92","https://www.eventbrite.ie/d/ireland--donegal/hobbies--events/?page=1","One Day Ceramic Workshop, Sunday 18th Oct 2026, 10am-4pm","Sun 18 Oct, 10:00","From €30.00","","Leitrim · Leitrim School of Art N41 E8H0","One Day Ceramic Workshop, Sunday 18th Oct 2026, 10am-4pm","Save this event: One Day Ceramic Workshop, Sunday 18th Oct 2026, 10am-4pm","Share this event: One Day Ceramic Workshop, Sunday 18th Oct 2026, 10am-4pm","Save this event: One Day Ceramic Workshop, Sunday 18th Oct 2026, 10am-4pm","Share this event: One Day Ceramic Workshop, Sunday 18th Oct 2026, 10am-4pm","Sun 18 Oct, 10:00","From €30.00","Leitrim · Leitrim School of Art N41 E8H0","Leitrim School of Art","844 followers","","","https://img.evbuc.com/https%3A%2F%2Fcdn.evbuc.com%2Fimages%2F1191068049%2F410379563125%2F1%2Foriginal.20260814-140504?crop=focalpoint&fit=crop&w=640&auto=format%2Ccompress&q=75&sharp=10&fp-x=0.5&fp-y=0.5&s=ea5f6cef30b515d48706e06fd54a3132","https://img.evbuc.com/https%3A%2F%2Fcdn.evbuc.com%2Fimages%2F1191068049%2F410379563125%2F1%2Foriginal.20260814-140504?crop=focalpoint&fit=crop&w=640&auto=format%2Ccompress&q=75&sharp=10&fp-x=0.5&fp-y=0.5&s=ea5f6cef30b515d48706e06fd54a3132"
"1791137299-93","https://www.eventbrite.ie/d/ireland--donegal/hobbies--events/?page=1","Mini Workshop with Una Burke Leather","Fri 6 Nov, 18:00","From €96.43","","Roscommon · Una Burke Leather Atelier, Riversdale House, F52 KP11","Mini Workshop with Una Burke Leather","Save this event: Mini Workshop with Una Burke Leather","Share this event: Mini Workshop with Una Burke Leather","Save this event: Mini Workshop with Una Burke Leather","Share this event: Mini Workshop with Una Burke Leather","Fri 6 Nov, 18:00","From €96.43","Roscommon · Una Burke Leather Atelier, Riversdale House, F52 KP11","Una Burke","52 followers","","","https://img.evbuc.com/https%3A%2F%2Fcdn.evbuc.com%2Fimages%2F1183441204%2F72884993415%2F1%2Foriginal.20260430-154243?w=1024&auto=format%2Ccompress&q=75&sharp=10&s=a1f08c6b11c51aa435edd50380deca6b","https://img.evbuc.com/https%3A%2F%2Fcdn.evbuc.com%2Fimages%2F1183441204%2F72884993415%2F1%2Foriginal.20260430-154243?w=1024&auto=format%2Ccompress&q=75&sharp=10&s=a1f08c6b11c51aa435edd50380deca6b"
"1791137299-94","https://www.eventbrite.ie/d/ireland--donegal/hobbies--events/?page=1","Painting Workshop, 1 Day, Sat  24th Oct 2026 ,10:00am-3:00pm","Sat 24 Oct, 10:00","From €30.00","","Leitrim · Leitrim School of Art N41 E8H0","Painting Workshop, 1 Day, Sat  24th Oct 2026 ,10:00am-3:00pm","Save this event: Painting Workshop, 1 Day, Sat  24th Oct 2026 ,10:00am-3:00pm","Share this event: Painting Workshop, 1 Day, Sat  24th Oct 2026 ,10:00am-3:00pm","Save this event: Painting Workshop, 1 Day, Sat  24th Oct 2026 ,10:00am-3:00pm","Share this event: Painting Workshop, 1 Day, Sat  24th Oct 2026 ,10:00am-3:00pm","Sat 24 Oct, 10:00","From €30.00","Leitrim · Leitrim School of Art N41 E8H0","Leitrim School of Art","844 followers","","","https://img.evbuc.com/https%3A%2F%2Fcdn.evbuc.com%2Fimages%2F1193668367%2F410379563125%2F1%2Foriginal.20260916-163253?crop=focalpoint&fit=crop&w=640&auto=format%2Ccompress&q=75&sharp=10&fp-x=0.5&fp-y=0.5&s=38209622dab0b9044d8c015d1cd286a9","https://img.evbuc.com/https%3A%2F%2Fcdn.evbuc.com%2Fimages%2F1193668367%2F410379563125%2F1%2Foriginal.20260916-163253?crop=focalpoint&fit=crop&w=640&auto=format%2Ccompress&q=75&sharp=10&fp-x=0.5&fp-y=0.5&s=38209622dab0b9044d8c015d1cd286a9"
"1791137299-95","https://www.eventbrite.ie/d/ireland--donegal/hobbies--events/?page=1","Lego Therapy - Derry / L'derry","Friday at 10:00","Free","","Londonderry County Borough · Pennyburn Youth Club","Lego Therapy - Derry / L'derry","Save this event: Lego Therapy - Derry / L'derry","Share this event: Lego Therapy - Derry / L'derry","Save this event: Lego Therapy - Derry / L'derry","Share this event: Lego Therapy - Derry / L'derry","Friday at 10:00","Free","Londonderry County Borough · Pennyburn Youth Club","Our Generation Co-operation Ireland Team","119 followers","Selling fast","Selling fast","https://img.evbuc.com/https%3A%2F%2Fcdn.evbuc.com%2Fimages%2F1194267377%2F3006990123577%2F1%2Foriginal.20260924-101134?crop=focalpoint&fit=crop&w=640&auto=format%2Ccompress&q=75&sharp=10&fp-x=0.5&fp-y=0.5&s=8b54e4212a71cc7fff0ba70513014463","https://img.evbuc.com/https%3A%2F%2Fcdn.evbuc.com%2Fimages%2F1194267377%2F3006990123577%2F1%2Foriginal.20260924-101134?crop=focalpoint&fit=crop&w=640&auto=format%2Ccompress&q=75&sharp=10&fp-x=0.5&fp-y=0.5&s=8b54e4212a71cc7fff0ba70513014463"
"1791137299-96","https://www.eventbrite.ie/d/ireland--donegal/hobbies--events/?page=1","Spooky Gingerbread House for 7–11yrs","Mon 26 Oct, 11:00","From £20.00","","Limavady · Roe Valley Arts and Cultural Centre","Spooky Gingerbread House for 7–11yrs","Save this event: Spooky Gingerbread House for 7–11yrs","Share this event: Spooky Gingerbread House for 7–11yrs","Save this event: Spooky Gingerbread House for 7–11yrs","Share this event: Spooky Gingerbread House for 7–11yrs","Mon 26 Oct, 11:00","From £20.00","Limavady · Roe Valley Arts and Cultural Centre","Roe Valley Arts & Cultural Centre","1.3k followers","","","https://img.evbuc.com/https%3A%2F%2Fcdn.evbuc.com%2Fimages%2F1191642459%2F2020229260713%2F1%2Foriginal.20260822-034727?crop=focalpoint&fit=crop&w=1024&auto=format%2Ccompress&q=75&sharp=10&fp-x=0.5&fp-y=0.5&s=717113eb7ec0bc18b47ab4b955b7ba4a","https://img.evbuc.com/https%3A%2F%2Fcdn.evbuc.com%2Fimages%2F1191642459%2F2020229260713%2F1%2Foriginal.20260822-034727?crop=focalpoint&fit=crop&w=1024&auto=format%2Ccompress&q=75&sharp=10&fp-x=0.5&fp-y=0.5&s=717113eb7ec0bc18b47ab4b955b7ba4a"
"1791137299-97","https://www.eventbrite.ie/d/ireland--donegal/hobbies--events/?page=1","Landscape Painting for 18+yrs","Thu 10 Dec, 19:00","From £35.00","","Limavady · Roe Valley Arts and Cultural Centre","Landscape Painting for 18+yrs","Save this event: Landscape Painting for 18+yrs","Share this event: Landscape Painting for 18+yrs","Save this event: Landscape Painting for 18+yrs","Share this event: Landscape Painting for 18+yrs","Thu 10 Dec, 19:00","From £35.00","Limavady · Roe Valley Arts and Cultural Centre","Roe Valley Arts & Cultural Centre","1.3k followers","","","https://img.evbuc.com/https%3A%2F%2Fcdn.evbuc.com%2Fimages%2F1190814230%2F2020229260713%2F1%2Foriginal.20260811-164719?crop=focalpoint&fit=crop&w=1024&auto=format%2Ccompress&q=75&sharp=10&fp-x=0.5&fp-y=0.5&s=04ff3ea681aeb476e282b56d245c9017","https://img.evbuc.com/https%3A%2F%2Fcdn.evbuc.com%2Fimages%2F1190814230%2F2020229260713%2F1%2Foriginal.20260811-164719?crop=focalpoint&fit=crop&w=1024&auto=format%2Ccompress&q=75&sharp=10&fp-x=0.5&fp-y=0.5&s=04ff3ea681aeb476e282b56d245c9017"
"1791137299-98","https://www.eventbrite.ie/d/ireland--donegal/hobbies--events/?page=1","Enchanted Forest Dioramas for 7-11yrs","Thu 29 Oct, 13:30","From £15.00","","Limavady · Roe Valley Arts and Cultural Centre","Enchanted Forest Dioramas for 7-11yrs","Save this event: Enchanted Forest Dioramas for 7-11yrs","Share this event: Enchanted Forest Dioramas for 7-11yrs","Save this event: Enchanted Forest Dioramas for 7-11yrs","Share this event: Enchanted Forest Dioramas for 7-11yrs","Thu 29 Oct, 13:30","From £15.00","Limavady · Roe Valley Arts and Cultural Centre","Roe Valley Arts & Cultural Centre","1.3k followers","","","https://img.evbuc.com/https%3A%2F%2Fcdn.evbuc.com%2Fimages%2F1191642802%2F2020229260713%2F1%2Foriginal.20260822-040127?crop=focalpoint&fit=crop&w=1024&auto=format%2Ccompress&q=75&sharp=10&fp-x=0.5&fp-y=0.5&s=289ecf51ead985ca212a599b0803e166","https://img.evbuc.com/https%3A%2F%2Fcdn.evbuc.com%2Fimages%2F1191642802%2F2020229260713%2F1%2Foriginal.20260822-040127?crop=focalpoint&fit=crop&w=1024&auto=format%2Ccompress&q=75&sharp=10&fp-x=0.5&fp-y=0.5&s=289ecf51ead985ca212a599b0803e166"
"1791137299-99","https://www.eventbrite.ie/d/ireland--donegal/hobbies--events/?page=1","Northern Skies Studio | A Winter Art Adventure for 7-11yrs","Mon 21 Dec, 11:00","From £15.00","","Limavady · Roe Valley Arts and Cultural Centre","Northern Skies Studio | A Winter Art Adventure for 7-11yrs","Save this event: Northern Skies Studio | A Winter Art Adventure for 7-11yrs","Share this event: Northern Skies Studio | A Winter Art Adventure for 7-11yrs","Save this event: Northern Skies Studio | A Winter Art Adventure for 7-11yrs","Share this event: Northern Skies Studio | A Winter Art Adventure for 7-11yrs","Mon 21 Dec, 11:00","From £15.00","Limavady · Roe Valley Arts and Cultural Centre","Roe Valley Arts & Cultural Centre","1.3k followers","","","https://img.evbuc.com/https%3A%2F%2Fcdn.evbuc.com%2Fimages%2F1191643529%2F2020229260713%2F1%2Foriginal.20260822-043522?crop=focalpoint&fit=crop&w=1024&auto=format%2Ccompress&q=75&sharp=10&fp-x=0.5&fp-y=0.5&s=bcc607aa15e1daeb426d75e5599e7aaa","https://img.evbuc.com/https%3A%2F%2Fcdn.evbuc.com%2Fimages%2F1191643529%2F2020229260713%2F1%2Foriginal.20260822-043522?crop=focalpoint&fit=crop&w=1024&auto=format%2Ccompress&q=75&sharp=10&fp-x=0.5&fp-y=0.5&s=bcc607aa15e1daeb426d75e5599e7aaa"
"1791137299-100","https://www.eventbrite.ie/d/ireland--donegal/hobbies--events/?page=1","Fused Glass Christmas Decorations for 7-11yrs","Sat 19 Dec, 11:00","From £20.00","","Limavady · Roe Valley Arts and Cultural Centre","Fused Glass Christmas Decorations for 7-11yrs","Save this event: Fused Glass Christmas Decorations for 7-11yrs","Share this event: Fused Glass Christmas Decorations for 7-11yrs","Save this event: Fused Glass Christmas Decorations for 7-11yrs","Share this event: Fused Glass Christmas Decorations for 7-11yrs","Sat 19 Dec, 11:00","From £20.00","Limavady · Roe Valley Arts and Cultural Centre","Roe Valley Arts & Cultural Centre","1.3k followers","","","https://img.evbuc.com/https%3A%2F%2Fcdn.evbuc.com%2Fimages%2F1191643235%2F2020229260713%2F1%2Foriginal.20260822-042212?crop=focalpoint&fit=crop&w=1024&auto=format%2Ccompress&q=75&sharp=10&fp-x=0.514&fp-y=0.269&s=74731b4988a0901fe288a218676ebf93","https://img.evbuc.com/https%3A%2F%2Fcdn.evbuc.com%2Fimages%2F1191643235%2F2020229260713%2F1%2Foriginal.20260822-042212?crop=focalpoint&fit=crop&w=1024&auto=format%2Ccompress&q=75&sharp=10&fp-x=0.514&fp-y=0.269&s=74731b4988a0901fe288a218676ebf93"
"1791137304-101","https://www.eventbrite.ie/d/ireland--donegal/all-events/?subcategories=3001%2C3002%2C3003%2C3005%2C3006%2C3007%2C3008%2C3009%2C3010%2C3011%2C3012%2C3013%2C3014%2C3015%2C3017%2C3019%2C3020%2C3021%2C3022%2C3023%2C3024%2C3025%2C3026%2C3027%2C3028%2C3029%2C3030%2C3031&page=1","ANAM - Traditional Irish Music, Song and Dance Show","Sat 21 Nov, 20:00","From €33.15","","Donegal · St.John Bosco Centre","ANAM - Traditional Irish Music, Song and Dance Show","Save this event: ANAM - Traditional Irish Music, Song and Dance Show","Share this event: ANAM - Traditional Irish Music, Song and Dance Show","Save this event: ANAM - Traditional Irish Music, Song and Dance Show","Share this event: ANAM - Traditional Irish Music, Song and Dance Show","Sat 21 Nov, 20:00","From €33.15","Donegal · St.John Bosco Centre","Anam Entertainment","42 followers","Almost full","Almost full","https://img.evbuc.com/https%3A%2F%2Fcdn.evbuc.com%2Fimages%2F1192023562%2F3002245424558%2F1%2Foriginal.20260827-105051?crop=focalpoint&fit=crop&w=1024&auto=format%2Ccompress&q=75&sharp=10&fp-x=0.5&fp-y=0.5&s=6794e072d44e6eaefc3a09249cfb9a42","https://img.evbuc.com/https%3A%2F%2Fcdn.evbuc.com%2Fimages%2F1192023562%2F3002245424558%2F1%2Foriginal.20260827-105051?crop=focalpoint&fit=crop&w=1024&auto=format%2Ccompress&q=75&sharp=10&fp-x=0.5&fp-y=0.5&s=6794e072d44e6eaefc3a09249cfb9a42"
"1791137304-102","https://www.eventbrite.ie/d/ireland--donegal/all-events/?subcategories=3001%2C3002%2C3003%2C3005%2C3006%2C3007%2C3008%2C3009%2C3010%2C3011%2C3012%2C3013%2C3014%2C3015%2C3017%2C3019%2C3020%2C3021%2C3022%2C3023%2C3024%2C3025%2C3026%2C3027%2C3028%2C3029%2C3030%2C3031&page=1","Onoir Live - Great Northern Hotel, Bundoran","Sat 19 Dec, 20:00","From €38.52","View 6 similar results","Bundoran · The Great Northern Hotel","Onoir Live - Great Northern Hotel, Bundoran","Save this event: Onoir Live - Great Northern Hotel, Bundoran","Share this event: Onoir Live - Great Northern Hotel, Bundoran","Save this event: Onoir Live - Great Northern Hotel, Bundoran","Share this event: Onoir Live - Great Northern Hotel, Bundoran","Sat 19 Dec, 20:00","From €38.52","Bundoran · The Great Northern Hotel","Onóir","1.7k followers","","","https://img.evbuc.com/https%3A%2F%2Fcdn.evbuc.com%2Fimages%2F1181784904%2F1661476014703%2F1%2Foriginal.20260409-142847?crop=focalpoint&fit=crop&w=640&auto=format%2Ccompress&q=75&sharp=10&fp-x=0.5&fp-y=0.5&s=ccc004ff6f40d67a8b1313980c99968d","https://img.evbuc.com/https%3A%2F%2Fcdn.evbuc.com%2Fimages%2F1181784904%2F1661476014703%2F1%2Foriginal.20260409-142847?crop=focalpoint&fit=crop&w=640&auto=format%2Ccompress&q=75&sharp=10&fp-x=0.5&fp-y=0.5&s=ccc004ff6f40d67a8b1313980c99968d"
"1791137304-103","https://www.eventbrite.ie/d/ireland--donegal/all-events/?subcategories=3001%2C3002%2C3003%2C3005%2C3006%2C3007%2C3008%2C3009%2C3010%2C3011%2C3012%2C3013%2C3014%2C3015%2C3017%2C3019%2C3020%2C3021%2C3022%2C3023%2C3024%2C3025%2C3026%2C3027%2C3028%2C3029%2C3030%2C3031&page=1","Club 30+ : DONEGAL TOWN (The Abbey Hotel)","Sat 24 Oct, 17:00","From €11.70","","Donegal · The Abbey Hotel Donegal","Club 30+ : DONEGAL TOWN (The Abbey Hotel)","Save this event: Club 30+ : DONEGAL TOWN (The Abbey Hotel)","Share this event: Club 30+ : DONEGAL TOWN (The Abbey Hotel)","Save this event: Club 30+ : DONEGAL TOWN (The Abbey Hotel)","Share this event: Club 30+ : DONEGAL TOWN (The Abbey Hotel)","Sat 24 Oct, 17:00","From €11.70","Donegal · The Abbey Hotel Donegal","Club 30 Plus","132 followers","","","https://img.evbuc.com/https%3A%2F%2Fcdn.evbuc.com%2Fimages%2F1190708756%2F2689573736151%2F1%2Foriginal.20260810-144017?crop=focalpoint&fit=crop&w=1024&auto=format%2Ccompress&q=75&sharp=10&fp-x=0.5&fp-y=0.5&s=df83ff0a127338ce26394d692844a502","https://img.evbuc.com/https%3A%2F%2Fcdn.evbuc.com%2Fimages%2F1190708756%2F2689573736151%2F1%2Foriginal.20260810-144017?crop=focalpoint&fit=crop&w=1024&auto=format%2Ccompress&q=75&sharp=10&fp-x=0.5&fp-y=0.5&s=df83ff0a127338ce26394d692844a502"
"1791137304-104","https://www.eventbrite.ie/d/ireland--donegal/all-events/?subcategories=3001%2C3002%2C3003%2C3005%2C3006%2C3007%2C3008%2C3009%2C3010%2C3011%2C3012%2C3013%2C3014%2C3015%2C3017%2C3019%2C3020%2C3021%2C3022%2C3023%2C3024%2C3025%2C3026%2C3027%2C3028%2C3029%2C3030%2C3031&page=1","One for the Road LIVE at the Nesbitt Arms Hotel!","Sat 17 Oct, 22:00","From €17.07","","Ardara · The Nesbitt Arms Boutique Hotel","One for the Road LIVE at the Nesbitt Arms Hotel!","Save this event: One for the Road LIVE at the Nesbitt Arms Hotel!","Share this event: One for the Road LIVE at the Nesbitt Arms Hotel!","Save this event: One for the Road LIVE at the Nesbitt Arms Hotel!","Share this event: One for the Road LIVE at the Nesbitt Arms Hotel!","Sat 17 Oct, 22:00","From €17.07","Ardara · The Nesbitt Arms Boutique Hotel","","","","","https://img.evbuc.com/https%3A%2F%2Fcdn.evbuc.com%2Fimages%2F1191510950%2F2990238846746%2F1%2Foriginal.20260820-135414?crop=focalpoint&fit=crop&w=1024&auto=format%2Ccompress&q=75&sharp=10&fp-x=0.5&fp-y=0.5&s=1f7c4c3def1cab0179b5a5387bc4de34","https://img.evbuc.com/https%3A%2F%2Fcdn.evbuc.com%2Fimages%2F1191510950%2F2990238846746%2F1%2Foriginal.20260820-135414?crop=focalpoint&fit=crop&w=1024&auto=format%2Ccompress&q=75&sharp=10&fp-x=0.5&fp-y=0.5&s=1f7c4c3def1cab0179b5a5387bc4de34"
"1791137304-105","https://www.eventbrite.ie/d/ireland--donegal/all-events/?subcategories=3001%2C3002%2C3003%2C3005%2C3006%2C3007%2C3008%2C3009%2C3010%2C3011%2C3012%2C3013%2C3014%2C3015%2C3017%2C3019%2C3020%2C3021%2C3022%2C3023%2C3024%2C3025%2C3026%2C3027%2C3028%2C3029%2C3030%2C3031&page=1","Early 50th Ballyshannon Folk and Traditional Music Festival Weekend Ticket","Thu 29 Jul, 18:30","From €53.91","","Ballyshannon · Ballyshannon Folk & Traditional Festival","Early 50th Ballyshannon Folk and Traditional Music Festival Weekend Ticket","Save this event: Early 50th Ballyshannon Folk and Traditional Music Festival Weekend Ticket","Share this event: Early 50th Ballyshannon Folk and Traditional Music Festival Weekend Ticket","Save this event: Early 50th Ballyshannon Folk and Traditional Music Festival Weekend Ticket","Share this event: Early 50th Ballyshannon Folk and Traditional Music Festival Weekend Ticket","Thu 29 Jul, 18:30","From €53.91","Ballyshannon · Ballyshannon Folk & Traditional Festival","Ballyshannon Folk and Traditional Festival","283 followers","","","https://img.evbuc.com/https%3A%2F%2Fcdn.evbuc.com%2Fimages%2F1094858983%2F317122215537%2F1%2Foriginal.20250813-155144?w=1024&auto=format%2Ccompress&q=75&sharp=10&rect=0%2C19%2C4964%2C2482&s=5cffe3bf938d5355ea4c00ed3c1f9d7d","https://img.evbuc.com/https%3A%2F%2Fcdn.evbuc.com%2Fimages%2F1094858983%2F317122215537%2F1%2Foriginal.20250813-155144?w=1024&auto=format%2Ccompress&q=75&sharp=10&rect=0%2C19%2C4964%2C2482&s=5cffe3bf938d5355ea4c00ed3c1f9d7d"
"1791137304-106","https://www.eventbrite.ie/d/ireland--donegal/all-events/?subcategories=3001%2C3002%2C3003%2C3005%2C3006%2C3007%2C3008%2C3009%2C3010%2C3011%2C3012%2C3013%2C3014%2C3015%2C3017%2C3019%2C3020%2C3021%2C3022%2C3023%2C3024%2C3025%2C3026%2C3027%2C3028%2C3029%2C3030%2C3031&page=1","Samba Fusion Ireland 2026 with Raz Jayasuriya","Fri 13 Nov, 18:00","From €255.00","","Bundoran · Atlantic Apartotel","Samba Fusion Ireland 2026 with Raz Jayasuriya","Save this event: Samba Fusion Ireland 2026 with Raz Jayasuriya","Share this event: Samba Fusion Ireland 2026 with Raz Jayasuriya","Save this event: Samba Fusion Ireland 2026 with Raz Jayasuriya","Share this event: Samba Fusion Ireland 2026 with Raz Jayasuriya","Fri 13 Nov, 18:00","From €255.00","Bundoran · Atlantic Apartotel","SambaStef","15 followers","","","https://img.evbuc.com/https%3A%2F%2Fcdn.evbuc.com%2Fimages%2F1192388728%2F90285800351%2F1%2Foriginal.20260901-171349?crop=focalpoint&fit=crop&w=1024&auto=format%2Ccompress&q=75&sharp=10&fp-x=0.5&fp-y=0.5&s=659e1bbe5e36096bd422aa6ed02915f3","https://img.evbuc.com/https%3A%2F%2Fcdn.evbuc.com%2Fimages%2F1192388728%2F90285800351%2F1%2Foriginal.20260901-171349?crop=focalpoint&fit=crop&w=1024&auto=format%2Ccompress&q=75&sharp=10&fp-x=0.5&fp-y=0.5&s=659e1bbe5e36096bd422aa6ed02915f3"
"1791137304-107","https://www.eventbrite.ie/d/ireland--donegal/all-events/?subcategories=3001%2C3002%2C3003%2C3005%2C3006%2C3007%2C3008%2C3009%2C3010%2C3011%2C3012%2C3013%2C3014%2C3015%2C3017%2C3019%2C3020%2C3021%2C3022%2C3023%2C3024%2C3025%2C3026%2C3027%2C3028%2C3029%2C3030%2C3031&page=1","An Evening with George and Aaron Lowden","Fri 13 Nov, 19:00","From €27.79","","Stranorlar · Villa Rose Hotel and Spa","An Evening with George and Aaron Lowden","Save this event: An Evening with George and Aaron Lowden","Share this event: An Evening with George and Aaron Lowden","Save this event: An Evening with George and Aaron Lowden","Share this event: An Evening with George and Aaron Lowden","Fri 13 Nov, 19:00","From €27.79","Stranorlar · Villa Rose Hotel and Spa","","","","","https://img.evbuc.com/https%3A%2F%2Fcdn.evbuc.com%2Fimages%2F1191250600%2F2989353107672%2F1%2Foriginal.20260817-153824?crop=focalpoint&fit=crop&w=1024&auto=format%2Ccompress&q=75&sharp=10&fp-x=0.083&fp-y=0.328&s=cc5f4ea535786e50f432caad9a604533","https://img.evbuc.com/https%3A%2F%2Fcdn.evbuc.com%2Fimages%2F1191250600%2F2989353107672%2F1%2Foriginal.20260817-153824?crop=focalpoint&fit=crop&w=1024&auto=format%2Ccompress&q=75&sharp=10&fp-x=0.083&fp-y=0.328&s=cc5f4ea535786e50f432caad9a604533"
"1791137304-108","https://www.eventbrite.ie/d/ireland--donegal/all-events/?subcategories=3001%2C3002%2C3003%2C3005%2C3006%2C3007%2C3008%2C3009%2C3010%2C3011%2C3012%2C3013%2C3014%2C3015%2C3017%2C3019%2C3020%2C3021%2C3022%2C3023%2C3024%2C3025%2C3026%2C3027%2C3028%2C3029%2C3030%2C3031&page=1","Andrew Strong — The Commitments","Sun 28 Feb, 20:00","From €35.00","","Donegal · The Blue Haven Hotel, F94 P270","Andrew Strong — The Commitments","Save this event: Andrew Strong — The Commitments","Share this event: Andrew Strong — The Commitments","Save this event: Andrew Strong — The Commitments","Share this event: Andrew Strong — The Commitments","Sun 28 Feb, 20:00","From €35.00","Donegal · The Blue Haven Hotel, F94 P270","Music Capital Ireland","108 followers","","","https://img.evbuc.com/https%3A%2F%2Fcdn.evbuc.com%2Fimages%2F1186301250%2F463183125674%2F1%2Foriginal.20260606-131326?crop=focalpoint&fit=crop&w=1024&auto=format%2Ccompress&q=75&sharp=10&fp-x=0.553&fp-y=0.097&s=f46a0ccced7d8efdcb974f74ad424274","https://img.evbuc.com/https%3A%2F%2Fcdn.evbuc.com%2Fimages%2F1186301250%2F463183125674%2F1%2Foriginal.20260606-131326?crop=focalpoint&fit=crop&w=1024&auto=format%2Ccompress&q=75&sharp=10&fp-x=0.553&fp-y=0.097&s=f46a0ccced7d8efdcb974f74ad424274"
"1791137304-109","https://www.eventbrite.ie/d/ireland--donegal/all-events/?subcategories=3001%2C3002%2C3003%2C3005%2C3006%2C3007%2C3008%2C3009%2C3010%2C3011%2C3012%2C3013%2C3014%2C3015%2C3017%2C3019%2C3020%2C3021%2C3022%2C3023%2C3024%2C3025%2C3026%2C3027%2C3028%2C3029%2C3030%2C3031&page=1","Pauline Scanlon & The Half Room - Live @ Atlantic Apartotel","Sat 16 Jan, 20:00","From €17.07","","Bundoran · Atlantic Apartotel","Pauline Scanlon & The Half Room - Live @ Atlantic Apartotel","Save this event: Pauline Scanlon & The Half Room - Live @ Atlantic Apartotel","Share this event: Pauline Scanlon & The Half Room - Live @ Atlantic Apartotel","Save this event: Pauline Scanlon & The Half Room - Live @ Atlantic Apartotel","Share this event: Pauline Scanlon & The Half Room - Live @ Atlantic Apartotel","Sat 16 Jan, 20:00","From €17.07","Bundoran · Atlantic Apartotel","Find My Ireland","49 followers","","","https://img.evbuc.com/https%3A%2F%2Fcdn.evbuc.com%2Fimages%2F1187625995%2F195402038124%2F1%2Foriginal.20260625-093452?crop=focalpoint&fit=crop&w=1024&auto=format%2Ccompress&q=75&sharp=10&fp-x=0.973&fp-y=0.483&s=2e2a997481dfb5eb4c0bbac58e3e55cf","https://img.evbuc.com/https%3A%2F%2Fcdn.evbuc.com%2Fimages%2F1187625995%2F195402038124%2F1%2Foriginal.20260625-093452?crop=focalpoint&fit=crop&w=1024&auto=format%2Ccompress&q=75&sharp=10&fp-x=0.973&fp-y=0.483&s=2e2a997481dfb5eb4c0bbac58e3e55cf"
"1791137304-110","https://www.eventbrite.ie/d/ireland--donegal/all-events/?subcategories=3001%2C3002%2C3003%2C3005%2C3006%2C3007%2C3008%2C3009%2C3010%2C3011%2C3012%2C3013%2C3014%2C3015%2C3017%2C3019%2C3020%2C3021%2C3022%2C3023%2C3024%2C3025%2C3026%2C3027%2C3028%2C3029%2C3030%2C3031&page=1","Cairdeas Traditional Music Showcase - Live @ Atlantic Apartotel","Tue 19 Jan, 20:00","From €6.34","","Bundoran · Atlantic Apartotel","Cairdeas Traditional Music Showcase - Live @ Atlantic Apartotel","Save this event: Cairdeas Traditional Music Showcase - Live @ Atlantic Apartotel","Share this event: Cairdeas Traditional Music Showcase - Live @ Atlantic Apartotel","Save this event: Cairdeas Traditional Music Showcase - Live @ Atlantic Apartotel","Share this event: Cairdeas Traditional Music Showcase - Live @ Atlantic Apartotel","Tue 19 Jan, 20:00","From €6.34","Bundoran · Atlantic Apartotel","Find My Ireland","49 followers","","","https://img.evbuc.com/https%3A%2F%2Fcdn.evbuc.com%2Fimages%2F1187623712%2F195402038124%2F1%2Foriginal.20260625-084148?crop=focalpoint&fit=crop&w=1024&auto=format%2Ccompress&q=75&sharp=10&fp-x=1.0&fp-y=0.511&s=40ef9893e15c8d6d45c90baad7fa84fa","https://img.evbuc.com/https%3A%2F%2Fcdn.evbuc.com%2Fimages%2F1187623712%2F195402038124%2F1%2Foriginal.20260625-084148?crop=focalpoint&fit=crop&w=1024&auto=format%2Ccompress&q=75&sharp=10&fp-x=1.0&fp-y=0.511&s=40ef9893e15c8d6d45c90baad7fa84fa"
"1791137304-111","https://www.eventbrite.ie/d/ireland--donegal/all-events/?subcategories=3001%2C3002%2C3003%2C3005%2C3006%2C3007%2C3008%2C3009%2C3010%2C3011%2C3012%2C3013%2C3014%2C3015%2C3017%2C3019%2C3020%2C3021%2C3022%2C3023%2C3024%2C3025%2C3026%2C3027%2C3028%2C3029%2C3030%2C3031&page=1","Benwiskin Sings:  Community Singing with Una McCann","Sun 15 Nov, 11:00","From €22.51","","Sligo · The Benwiskin Centre","Benwiskin Sings:  Community Singing with Una McCann","Save this event: Benwiskin Sings:  Community Singing with Una McCann","Share this event: Benwiskin Sings:  Community Singing with Una McCann","Save this event: Benwiskin Sings:  Community Singing with Una McCann","Share this event: Benwiskin Sings:  Community Singing with Una McCann","Sun 15 Nov, 11:00","From €22.51","Sligo · The Benwiskin Centre","Una McCann","27 followers","","","https://img.evbuc.com/https%3A%2F%2Fcdn.evbuc.com%2Fimages%2F1179146173%2F29128201047%2F1%2Foriginal.20260305-204120?w=1024&auto=format%2Ccompress&q=75&sharp=10&rect=0%2C280%2C1600%2C800&s=6f767cd2e2e1847673d964ad9f050392","https://img.evbuc.com/https%3A%2F%2Fcdn.evbuc.com%2Fimages%2F1179146173%2F29128201047%2F1%2Foriginal.20260305-204120?w=1024&auto=format%2Ccompress&q=75&sharp=10&rect=0%2C280%2C1600%2C800&s=6f767cd2e2e1847673d964ad9f050392"
"1791137304-112","https://www.eventbrite.ie/d/ireland--donegal/all-events/?subcategories=3001%2C3002%2C3003%2C3005%2C3006%2C3007%2C3008%2C3009%2C3010%2C3011%2C3012%2C3013%2C3014%2C3015%2C3017%2C3019%2C3020%2C3021%2C3022%2C3023%2C3024%2C3025%2C3026%2C3027%2C3028%2C3029%2C3030%2C3031&page=1","Paul Brady, Dunlewey Theatre, Donegal","Fri 20 Nov, 19:30","From €42.38","","Donegal · Dunlewey Theatre Gweedore","Paul Brady, Dunlewey Theatre, Donegal","Save this event: Paul Brady, Dunlewey Theatre, Donegal","Share this event: Paul Brady, Dunlewey Theatre, Donegal","Save this event: Paul Brady, Dunlewey Theatre, Donegal","Share this event: Paul Brady, Dunlewey Theatre, Donegal","Fri 20 Nov, 19:30","From €42.38","Donegal · Dunlewey Theatre Gweedore","ACE Promotions","2.1k followers","","","https://img.evbuc.com/https%3A%2F%2Fcdn.evbuc.com%2Fimages%2F1181996213%2F266639552350%2F1%2Foriginal.20260413-000822?crop=focalpoint&fit=crop&w=1024&auto=format%2Ccompress&q=75&sharp=10&fp-x=0.451&fp-y=0.093&s=01f1631b80b3effb24d5ff39f8c38a79","https://img.evbuc.com/https%3A%2F%2Fcdn.evbuc.com%2Fimages%2F1181996213%2F266639552350%2F1%2Foriginal.20260413-000822?crop=focalpoint&fit=crop&w=1024&auto=format%2Ccompress&q=75&sharp=10&fp-x=0.451&fp-y=0.093&s=01f1631b80b3effb24d5ff39f8c38a79"
"1791137304-113","https://www.eventbrite.ie/d/ireland--donegal/all-events/?subcategories=3001%2C3002%2C3003%2C3005%2C3006%2C3007%2C3008%2C3009%2C3010%2C3011%2C3012%2C3013%2C3014%2C3015%2C3017%2C3019%2C3020%2C3021%2C3022%2C3023%2C3024%2C3025%2C3026%2C3027%2C3028%2C3029%2C3030%2C3031&page=1","ONOIR IN CONCERT","Sun 13 Dec, 19:00","From €38.09","","Donegal · Clanree Hotel, Conference & Leisure Centre","ONOIR IN CONCERT","Save this event: ONOIR IN CONCERT","Share this event: ONOIR IN CONCERT","Save this event: ONOIR IN CONCERT","Share this event: ONOIR IN CONCERT","Sun 13 Dec, 19:00","From €38.09","Donegal · Clanree Hotel, Conference & Leisure Centre","Clanree Hotel, Conference & Leisure Centre","99 followers","","","https://img.evbuc.com/https%3A%2F%2Fcdn.evbuc.com%2Fimages%2F1175599139%2F261591158243%2F1%2Foriginal.20260122-221201?w=1024&auto=format%2Ccompress&q=75&sharp=10&rect=235%2C78%2C1650%2C825&s=5b30a90e11acd7fcaf7cb6d40539dbbd","https://img.evbuc.com/https%3A%2F%2Fcdn.evbuc.com%2Fimages%2F1175599139%2F261591158243%2F1%2Foriginal.20260122-221201?w=1024&auto=format%2Ccompress&q=75&sharp=10&rect=235%2C78%2C1650%2C825&s=5b30a90e11acd7fcaf7cb6d40539dbbd"
"1791137304-114","https://www.eventbrite.ie/d/ireland--donegal/all-events/?subcategories=3001%2C3002%2C3003%2C3005%2C3006%2C3007%2C3008%2C3009%2C3010%2C3011%2C3012%2C3013%2C3014%2C3015%2C3017%2C3019%2C3020%2C3021%2C3022%2C3023%2C3024%2C3025%2C3026%2C3027%2C3028%2C3029%2C3030%2C3031&page=1","Ceolta an Chéid","Fri 16 Oct, 20:00","From €20.00","","Donegal · Áislann Rann na Feirste","Ceolta an Chéid","Save this event: Ceolta an Chéid","Share this event: Ceolta an Chéid","Save this event: Ceolta an Chéid","Share this event: Ceolta an Chéid","Fri 16 Oct, 20:00","From €20.00","Donegal · Áislann Rann na Feirste","Coláiste Bhríde, Rann na Feirste","17 followers","Selling fast","Selling fast","https://img.evbuc.com/https%3A%2F%2Fcdn.evbuc.com%2Fimages%2F1192689183%2F3011789765523%2F1%2Foriginal.20260904-152536?crop=focalpoint&fit=crop&w=1024&auto=format%2Ccompress&q=75&sharp=10&fp-x=0.5&fp-y=0.5&s=642ff64ca3a68367cae0db5c9d7d6477","https://img.evbuc.com/https%3A%2F%2Fcdn.evbuc.com%2Fimages%2F1192689183%2F3011789765523%2F1%2Foriginal.20260904-152536?crop=focalpoint&fit=crop&w=1024&auto=format%2Ccompress&q=75&sharp=10&fp-x=0.5&fp-y=0.5&s=642ff64ca3a68367cae0db5c9d7d6477"
"1791137304-115","https://www.eventbrite.ie/d/ireland--donegal/all-events/?subcategories=3001%2C3002%2C3003%2C3005%2C3006%2C3007%2C3008%2C3009%2C3010%2C3011%2C3012%2C3013%2C3014%2C3015%2C3017%2C3019%2C3020%2C3021%2C3022%2C3023%2C3024%2C3025%2C3026%2C3027%2C3028%2C3029%2C3030%2C3031&page=1","Jim Brown - The King 'Elvis Tribute'","Sat 7 Nov, 20:00","From €27.79","","Lifford · The Old Courthouse","Jim Brown - The King 'Elvis Tribute'","Save this event: Jim Brown - The King 'Elvis Tribute'","Share this event: Jim Brown - The King 'Elvis Tribute'","Save this event: Jim Brown - The King 'Elvis Tribute'","Share this event: Jim Brown - The King 'Elvis Tribute'","Sat 7 Nov, 20:00","From €27.79","Lifford · The Old Courthouse","Lifford Old Courthouse","295 followers","","","https://img.evbuc.com/https%3A%2F%2Fcdn.evbuc.com%2Fimages%2F1174719683%2F821209405293%2F1%2Foriginal.20260113-113359?w=1024&auto=format%2Ccompress&q=75&sharp=10&rect=0%2C0%2C2150%2C1075&s=84d86159e0c63803b321613929545c19","https://img.evbuc.com/https%3A%2F%2Fcdn.evbuc.com%2Fimages%2F1174719683%2F821209405293%2F1%2Foriginal.20260113-113359?w=1024&auto=format%2Ccompress&q=75&sharp=10&rect=0%2C0%2C2150%2C1075&s=84d86159e0c63803b321613929545c19"
"1791137304-116","https://www.eventbrite.ie/d/ireland--donegal/all-events/?subcategories=3001%2C3002%2C3003%2C3005%2C3006%2C3007%2C3008%2C3009%2C3010%2C3011%2C3012%2C3013%2C3014%2C3015%2C3017%2C3019%2C3020%2C3021%2C3022%2C3023%2C3024%2C3025%2C3026%2C3027%2C3028%2C3029%2C3030%2C3031&page=1","Onoir Live - Radisson Blu ,Sligo  December 4th 2026","Fri 4 Dec, 20:00","From €38.52","","Sligo · Radisson Blu Hotel & Spa, Sligo","Onoir Live - Radisson Blu ,Sligo  December 4th 2026","Save this event: Onoir Live - Radisson Blu ,Sligo  December 4th 2026","Share this event: Onoir Live - Radisson Blu ,Sligo  December 4th 2026","Save this event: Onoir Live - Radisson Blu ,Sligo  December 4th 2026","Share this event: Onoir Live - Radisson Blu ,Sligo  December 4th 2026","Fri 4 Dec, 20:00","From €38.52","Sligo · Radisson Blu Hotel & Spa, Sligo","Onóir","1.7k followers","","","https://img.evbuc.com/https%3A%2F%2Fcdn.evbuc.com%2Fimages%2F1183310451%2F1661476014703%2F1%2Foriginal.20260429-085708?crop=focalpoint&fit=crop&w=1024&auto=format%2Ccompress&q=75&sharp=10&fp-x=0.5&fp-y=0.5&s=e7c41d57cb1d34130fbb29102071c98c","https://img.evbuc.com/https%3A%2F%2Fcdn.evbuc.com%2Fimages%2F1183310451%2F1661476014703%2F1%2Foriginal.20260429-085708?crop=focalpoint&fit=crop&w=1024&auto=format%2Ccompress&q=75&sharp=10&fp-x=0.5&fp-y=0.5&s=e7c41d57cb1d34130fbb29102071c98c"
"1791137304-117","https://www.eventbrite.ie/d/ireland--donegal/all-events/?subcategories=3001%2C3002%2C3003%2C3005%2C3006%2C3007%2C3008%2C3009%2C3010%2C3011%2C3012%2C3013%2C3014%2C3015%2C3017%2C3019%2C3020%2C3021%2C3022%2C3023%2C3024%2C3025%2C3026%2C3027%2C3028%2C3029%2C3030%2C3031&page=1","Disturbance Undercover - MCR - LIMP BIZKIT - ARCTIC MONKEYS - VAN HALEN","Sat 31 Oct, 20:00","From €10.00","","Letterkenny · The Central Bar","Disturbance Undercover - MCR - LIMP BIZKIT - ARCTIC MONKEYS - VAN HALEN","Save this event: Disturbance Undercover - MCR - LIMP BIZKIT - ARCTIC MONKEYS - VAN HALEN","Share this event: Disturbance Undercover - MCR - LIMP BIZKIT - ARCTIC MONKEYS - VAN HALEN","Save this event: Disturbance Undercover - MCR - LIMP BIZKIT - ARCTIC MONKEYS - VAN HALEN","Share this event: Disturbance Undercover - MCR - LIMP BIZKIT - ARCTIC MONKEYS - VAN HALEN","Sat 31 Oct, 20:00","From €10.00","Letterkenny · The Central Bar","","","","","https://img.evbuc.com/https%3A%2F%2Fcdn.evbuc.com%2Fimages%2F1192818085%2F233319889021%2F1%2Foriginal.20260906-134856?crop=focalpoint&fit=crop&w=1024&auto=format%2Ccompress&q=75&sharp=10&fp-x=0.5&fp-y=0.5&s=1b8637f406dbf5600db13f3ecab23509","https://img.evbuc.com/https%3A%2F%2Fcdn.evbuc.com%2Fimages%2F1192818085%2F233319889021%2F1%2Foriginal.20260906-134856?crop=focalpoint&fit=crop&w=1024&auto=format%2Ccompress&q=75&sharp=10&fp-x=0.5&fp-y=0.5&s=1b8637f406dbf5600db13f3ecab23509"
"1791137304-118","https://www.eventbrite.ie/d/ireland--donegal/all-events/?subcategories=3001%2C3002%2C3003%2C3005%2C3006%2C3007%2C3008%2C3009%2C3010%2C3011%2C3012%2C3013%2C3014%2C3015%2C3017%2C3019%2C3020%2C3021%2C3022%2C3023%2C3024%2C3025%2C3026%2C3027%2C3028%2C3029%2C3030%2C3031&page=1","Junior cert results party with DJ Ois Bosh","Wednesday at 19:30","From €21.83","","Sligo · Lola Montez","Junior cert results party with DJ Ois Bosh","Save this event: Junior cert results party with DJ Ois Bosh","Share this event: Junior cert results party with DJ Ois Bosh","Save this event: Junior cert results party with DJ Ois Bosh","Share this event: Junior cert results party with DJ Ois Bosh","Wednesday at 19:30","From €21.83","Sligo · Lola Montez","Teen Toffs","1.8k followers","Sales end soon","Sales end soon","https://img.evbuc.com/https%3A%2F%2Fcdn.evbuc.com%2Fimages%2F1194517292%2F514725638235%2F1%2Foriginal.20260928-133922?crop=focalpoint&fit=crop&w=1024&auto=format%2Ccompress&q=75&sharp=10&fp-x=0.5&fp-y=0.5&s=c1f63972f20bbd45125b62a366a9c4d5","https://img.evbuc.com/https%3A%2F%2Fcdn.evbuc.com%2Fimages%2F1194517292%2F514725638235%2F1%2Foriginal.20260928-133922?crop=focalpoint&fit=crop&w=1024&auto=format%2Ccompress&q=75&sharp=10&fp-x=0.5&fp-y=0.5&s=c1f63972f20bbd45125b62a366a9c4d5"
"1791137304-119","https://www.eventbrite.ie/d/ireland--donegal/all-events/?subcategories=3001%2C3002%2C3003%2C3005%2C3006%2C3007%2C3008%2C3009%2C3010%2C3011%2C3012%2C3013%2C3014%2C3015%2C3017%2C3019%2C3020%2C3021%2C3022%2C3023%2C3024%2C3025%2C3026%2C3027%2C3028%2C3029%2C3030%2C3031&page=1","MAMMOTH HEAD / DARREN DOHERTY & THE HEATHEN CHOIR / MUTED TWEED","Sat 5 Dec, 20:00","From £6.13","","Strabane · Dicey Riley's","MAMMOTH HEAD / DARREN DOHERTY & THE HEATHEN CHOIR / MUTED TWEED","Save this event: MAMMOTH HEAD / DARREN DOHERTY & THE HEATHEN CHOIR / MUTED TWEED","Share this event: MAMMOTH HEAD / DARREN DOHERTY & THE HEATHEN CHOIR / MUTED TWEED","Save this event: MAMMOTH HEAD / DARREN DOHERTY & THE HEATHEN CHOIR / MUTED TWEED","Share this event: MAMMOTH HEAD / DARREN DOHERTY & THE HEATHEN CHOIR / MUTED TWEED","Sat 5 Dec, 20:00","From £6.13","Strabane · Dicey Riley's","","","","","https://img.evbuc.com/https%3A%2F%2Fcdn.evbuc.com%2Fimages%2F1190113686%2F932598398123%2F1%2Foriginal.20260801-223819?crop=focalpoint&fit=crop&w=1024&auto=format%2Ccompress&q=75&sharp=10&fp-x=0.5&fp-y=0.5&s=ab180ec5e3bcfe3723c9fa5e11fde42b","https://img.evbuc.com/https%3A%2F%2Fcdn.evbuc.com%2Fimages%2F1190113686%2F932598398123%2F1%2Foriginal.20260801-223819?crop=focalpoint&fit=crop&w=1024&auto=format%2Ccompress&q=75&sharp=10&fp-x=0.5&fp-y=0.5&s=ab180ec5e3bcfe3723c9fa5e11fde42b"
"1791137304-120","https://www.eventbrite.ie/d/ireland--donegal/all-events/?subcategories=3001%2C3002%2C3003%2C3005%2C3006%2C3007%2C3008%2C3009%2C3010%2C3011%2C3012%2C3013%2C3014%2C3015%2C3017%2C3019%2C3020%2C3021%2C3022%2C3023%2C3024%2C3025%2C3026%2C3027%2C3028%2C3029%2C3030%2C3031&page=1","Lore - Live at Lifford Old Courthouse","Sat 17 Oct, 20:00","From €22.42","","Lifford · The Old Courthouse","Lore - Live at Lifford Old Courthouse","Save this event: Lore - Live at Lifford Old Courthouse","Share this event: Lore - Live at Lifford Old Courthouse","Save this event: Lore - Live at Lifford Old Courthouse","Share this event: Lore - Live at Lifford Old Courthouse","Sat 17 Oct, 20:00","From €22.42","Lifford · The Old Courthouse","Lifford Old Courthouse","295 followers","","","https://img.evbuc.com/https%3A%2F%2Fcdn.evbuc.com%2Fimages%2F1178910385%2F821209405293%2F1%2Foriginal.20260303-154540?w=1024&auto=format%2Ccompress&q=75&sharp=10&s=9c9e708719576bbb97f582d43de6285b","https://img.evbuc.com/https%3A%2F%2Fcdn.evbuc.com%2Fimages%2F1178910385%2F821209405293%2F1%2Foriginal.20260303-154540?w=1024&auto=format%2Ccompress&q=75&sharp=10&s=9c9e708719576bbb97f582d43de6285b"
